component_id,component_name,part_number,chip_number,manufacturer,manufacturer_country,country_of_origin,is_chinese,category,drone_subsystem,criticality,criticality_policy,alternative_manufacturer,military_grade,barcode,qr_code,function,remarks,image_path,datasheet_url,supplier,date_added,last_updated,verified_by,verification_source,confidence_score
ASSY-452F0312,ADT and GDT Radio Modem,ADT and GDT Radio Modem,,MICROHARD SYSTEMS INC,Canada,Canada,NO,Assembly / Module,Radio Modem,CRITICAL,Chinese origin not acceptable except passive components not in the Tx/Rx chain,Doodle Labs RM-2450-2J-XMC; Silvus SC4200P; Microhard pMDDL2450; RFDesign MODEM-RFD900x,YES,8908023191885,DCOV:ASSY-452F0312:ADTANDGDTRADIOMODEM,,A/D converters and passive ICs in GDT/radio modems found to be of Chinese origin.,,,,2026-08-03,2026-08-03,Technical Inspection Team,Component identification worksheet (COMP IDEN AND ORIGIN),90
ASSY-F03F801A,Auto Pilot,Auto Pilot,,CUBE PILOT GLOBAL PVT LTD,Taiwan,Taiwan,NO,Assembly / Module,Flight Controller,CRITICAL,Chinese origin NOT acceptable,CubePilot Cube Blue H7 (HX4-06154); ARK Electronics ARKV6X; ModalAI VOXL 2 (M0054); Auterion Skynode X,YES,8900008799222,DCOV:ASSY-F03F801A:AUTOPILOT,,"Controls the air vehicle, flight path and Tx/Rx of data. Mostly CubePilot variants (Australia) with Taiwan-sourced parts; indigenous FCUs also available.",,,,2026-08-03,2026-08-03,Technical Inspection Team,Component identification worksheet (COMP IDEN AND ORIGIN),90
ASSY-C4270D1B,CRPA,CRPA,,INFINIDOME,Israel,Israel,NO,Assembly / Module,CRPA,CRITICAL,Chinese origin NOT acceptable,,YES,8902812977070,DCOV:ASSY-C4270D1B:CRPA,,STM32F4 microcontrollers found to be of Chinese origin.,,,,2026-08-03,2026-08-03,Technical Inspection Team,Component identification worksheet (COMP IDEN AND ORIGIN),90
ASSY-9624354C,Camera EO and IR,Camera EO and IR,,NEXT VISION LTD,Israel,Israel,NO,Assembly / Module,Payload,NON-CRITICAL,Permitted,,NO,8902916896123,DCOV:ASSY-9624354C:CAMERAEOANDIR,,Certain image processors and encoders of Chinese origin.,,,,2026-08-03,2026-08-03,Technical Inspection Team,Component identification worksheet (COMP IDEN AND ORIGIN),90
ASSY-935C7DDB,Camera Encoder PCB,Camera Encoder PCB,,TP-LINK SYSTEMS INC,USA,USA,NO,Assembly / Module,Payload,NON-CRITICAL,Permitted,,NO,8907047480050,DCOV:ASSY-935C7DDB:CAMERAENCODERPCB,,Certain image processors and encoders of Chinese origin.,,,,2026-08-03,2026-08-03,Technical Inspection Team,Component identification worksheet (COMP IDEN AND ORIGIN),90
ASSY-0BEDB3DA,ESC,ESC,,WELKINRIM TECHNOLOGIES PVT LTD,India,India,NO,Assembly / Module,ESC,NON-CRITICAL,Permitted,ARK-4IN1-ESC; ModalAI VOXL 4IN1 ESC (MDK-M0138-11-00); Ewing EAESC55v1.0,NO,8901400967585,DCOV:ASSY-0BEDB3DA:ESC,,Some ESCs (e.g. Vertiq USA) contain STM32-series microcontrollers of Chinese-origin manufacture. Chipset cannot Tx/Rx data and embedded code cannot be remotely altered.,,,,2026-08-03,2026-08-03,Technical Inspection Team,Component identification worksheet (COMP IDEN AND ORIGIN),90
ASSY-5DA6B158,GCS,GCS,,ARDUINO,Italy,Italy,NO,Assembly / Module,GCS,CRITICAL,Chinese origin NOT acceptable. GETAC (Taiwan) and Panasonic (Japan) acceptable,Panasonic TOUGHBOOK G2 (FZ-G2); Freefly Pilot Pro 950-00136; ModalAI Zorro Blue,YES,8903855046433,DCOV:ASSY-5DA6B158:GCS,,"Used for control, mission data upload and mission detail download.",,,,2026-08-03,2026-08-03,Technical Inspection Team,Component identification worksheet (COMP IDEN AND ORIGIN),90
ASSY-AAE0BD76,GDT/RVT Radio,GDT/RVT Radio,,EXICOM TECHNOLOGIES,India,India,NO,Assembly / Module,Radio Modem,CRITICAL,Chinese origin not acceptable except passive components not in the Tx/Rx chain,Doodle Labs RM-2450-2J-XMC; Silvus SC4200P; Microhard pMDDL2450; RFDesign MODEM-RFD900x,YES,8907155769795,DCOV:ASSY-AAE0BD76:GDTRVTRADIO,,A/D converters and passive ICs in GDT/radio modems found to be of Chinese origin.,,,,2026-08-03,2026-08-03,Technical Inspection Team,Component identification worksheet (COMP IDEN AND ORIGIN),90
ASSY-198B64C0,GPS + Compass,GPS + Compass,,CUBE PILOT GLOBAL PVT LTD,Taiwan,Taiwan,NO,Assembly / Module,GNSS Receiver,CRITICAL,Chinese origin NOT acceptable,ARK TESEO GPS; Septentrio mosaic-X5; Locus Lock LEO100 GNSS-SDR; CubePilot Here 4,YES,8900948235699,DCOV:ASSY-198B64C0:GPSCOMPASS,,STM32G4A1KEU6 class ICs found to be of Chinese origin.,,,,2026-08-03,2026-08-03,Technical Inspection Team,Component identification worksheet (COMP IDEN AND ORIGIN),90
ASSY-FCB0B887,Modem Controller and Camera Encoder,Modem Controller and Camera Encoder,,RASPBERRY PI LTD,United Kingdom,United Kingdom,NO,Assembly / Module,Radio Modem,CRITICAL,Chinese origin not acceptable except passive components not in the Tx/Rx chain,Doodle Labs RM-2450-2J-XMC; Silvus SC4200P; Microhard pMDDL2450; RFDesign MODEM-RFD900x,YES,8907613713995,DCOV:ASSY-FCB0B887:MODEMCONTROLLERANDCAMERAENCODER,,A/D converters and passive ICs in GDT/radio modems found to be of Chinese origin.,,,,2026-08-03,2026-08-03,Technical Inspection Team,Component identification worksheet (COMP IDEN AND ORIGIN),90
ASSY-3876B540,Power Distribution Board,Power Distribution Board,,PEREGRINE AEROSPACE PVT LTD,India,India,NO,Assembly / Module,Power Distribution Board,NON-CRITICAL,Permitted,,NO,8909224677826,DCOV:ASSY-3876B540:POWERDISTRIBUTIONBOARD,,DC-DC converters found to contain Chinese components.,,,,2026-08-03,2026-08-03,Technical Inspection Team,Component identification worksheet (COMP IDEN AND ORIGIN),90
ASSY-E5E365EA,Power Module,Power Module,,CUBE PILOT GLOBAL PVT LTD,Taiwan,Taiwan,NO,Assembly / Module,Power Distribution Board,NON-CRITICAL,Permitted,,NO,8903049816934,DCOV:ASSY-E5E365EA:POWERMODULE,,DC-DC converters found to contain Chinese components.,,,,2026-08-03,2026-08-03,Technical Inspection Team,Component identification worksheet (COMP IDEN AND ORIGIN),90
CHIP-9D5A0938,ADT and GDT Radio Modem - EFR32FG13P231HG,EFR32FG13P231HG,EFR32FG13P231HG,SILICON LABS,USA,USA,NO,Chip / IC,Radio Modem,CRITICAL,Chinese origin not acceptable except passive components not in the Tx/Rx chain,Doodle Labs RM-2450-2J-XMC; Silvus SC4200P; Microhard pMDDL2450; RFDesign MODEM-RFD900x,YES,8907665559718,DCOV:CHIP-9D5A0938:EFR32FG13P231HG,,A/D converters and passive ICs in GDT/radio modems found to be of Chinese origin.,,,,2026-08-03,2026-08-03,Technical Inspection Team,Component identification worksheet (COMP IDEN AND ORIGIN),90
CHIP-781B2D50,ADT and GDT Radio Modem - FM6903,FM6903,FM6903,RF MICRO DEVICES,USA,USA,NO,Chip / IC,Radio Modem,CRITICAL,Chinese origin not acceptable except passive components not in the Tx/Rx chain,Doodle Labs RM-2450-2J-XMC; Silvus SC4200P; Microhard pMDDL2450; RFDesign MODEM-RFD900x,YES,8901571113910,DCOV:CHIP-781B2D50:FM6903,,A/D converters and passive ICs in GDT/radio modems found to be of Chinese origin.,,,,2026-08-03,2026-08-03,Technical Inspection Team,Component identification worksheet (COMP IDEN AND ORIGIN),90
CHIP-9625A649,ADT and GDT Radio Modem - MP243E,MP243E,MP243E,TEXAS INSTRUMENTS,USA,USA,NO,Chip / IC,Radio Modem,CRITICAL,Chinese origin not acceptable except passive components not in the Tx/Rx chain,Doodle Labs RM-2450-2J-XMC; Silvus SC4200P; Microhard pMDDL2450; RFDesign MODEM-RFD900x,YES,8902857956030,DCOV:CHIP-9625A649:MP243E,,A/D converters and passive ICs in GDT/radio modems found to be of Chinese origin.,,,,2026-08-03,2026-08-03,Technical Inspection Team,Component identification worksheet (COMP IDEN AND ORIGIN),90
CHIP-ABCFF90A,ADT and GDT Radio Modem - SP330EEY,SP330EEY,SP330EEY,EXAR CORPORATION,USA,USA,NO,Chip / IC,Radio Modem,CRITICAL,Chinese origin not acceptable except passive components not in the Tx/Rx chain,Doodle Labs RM-2450-2J-XMC; Silvus SC4200P; Microhard pMDDL2450; RFDesign MODEM-RFD900x,YES,8908997219080,DCOV:CHIP-ABCFF90A:SP330EEY,,A/D converters and passive ICs in GDT/radio modems found to be of Chinese origin.,,,,2026-08-03,2026-08-03,Technical Inspection Team,Component identification worksheet (COMP IDEN AND ORIGIN),90
CHIP-328F5DF1,ADT and GDT Radio Modem - TAIMAG HC-027 2340,TAIMAG HC-027 2340,TAIMAG HC-027 2340,TAIMAG CORPORATION,Taiwan,Taiwan,NO,Chip / IC,Radio Modem,CRITICAL,Chinese origin not acceptable except passive components not in the Tx/Rx chain,Doodle Labs RM-2450-2J-XMC; Silvus SC4200P; Microhard pMDDL2450; RFDesign MODEM-RFD900x,YES,8907625371046,DCOV:CHIP-328F5DF1:TAIMAGHC0272340,,A/D converters and passive ICs in GDT/radio modems found to be of Chinese origin.,,,,2026-08-03,2026-08-03,Technical Inspection Team,Component identification worksheet (COMP IDEN AND ORIGIN),90
CHIP-67A2E64D,Actuators for propeller - STM32F446RCT7,STM32F446RCT7,STM32F446RCT7,STMICROELECTRONICS,,China,YES,Chip / IC,Propeller,NON-CRITICAL,Permitted,,NO,8907973341401,DCOV:CHIP-67A2E64D:STM32F446RCT7,Microcontroller,COO China,,,MKS Servos (Taiwan),2026-08-03,2026-08-03,Technical Inspection Team,Physical teardown - KEY OBSNS worksheet,95
CHIP-3BBF6094,Air Speed Sensor - STM32G491KCU6,STM32G491KCU6,STM32G491KCU6,STMICROELECTRONICS,,China,YES,Chip / IC,Sensors,REVIEW,Not classified in policy matrix - refer to inspecting authority,,NO,8905442545763,DCOV:CHIP-3BBF6094:STM32G491KCU6,Microcontroller,COO China,,,TrueSpeed V1.1 (Sierra Aerospace India),2026-08-03,2026-08-03,Technical Inspection Team,Physical teardown - KEY OBSNS worksheet,95
CHIP-2A14E602,Auto Pilot Assy - EEPROM U-19,EEPROM U-19,EEPROM U-19,UNKNOWN,,Unknown,UNKNOWN,Chip / IC,Flight Controller,CRITICAL,Chinese origin NOT acceptable,CubePilot Cube Blue H7 (HX4-06154); ARK Electronics ARKV6X; ModalAI VOXL 2 (M0054); Auterion Skynode X,YES,8907830862513,DCOV:CHIP-2A14E602:EEPROMU19,Memory,Non-critical,,,Auto Pilot Assy,2026-08-03,2026-08-03,Technical Inspection Team,Physical teardown - KEY OBSNS worksheet,70
CHIP-1D3B91B9,CRPA - ADF4350,ADF4350,ADF4350,ANALOG DEVICES,USA,USA,NO,Chip / IC,CRPA,CRITICAL,Chinese origin NOT acceptable,,YES,8900260193165,DCOV:CHIP-1D3B91B9:ADF4350,,STM32F4 microcontrollers found to be of Chinese origin.,,,,2026-08-03,2026-08-03,Technical Inspection Team,Component identification worksheet (COMP IDEN AND ORIGIN),90
CHIP-DA31C5B4,CRPA - MX25L12833F,MX25L12833F,MX25L12833F,MACRONIX,Taiwan,Taiwan,NO,Chip / IC,CRPA,CRITICAL,Chinese origin NOT acceptable,,YES,8901317645064,DCOV:CHIP-DA31C5B4:MX25L12833F,,STM32F4 microcontrollers found to be of Chinese origin.,,,,2026-08-03,2026-08-03,Technical Inspection Team,Component identification worksheet (COMP IDEN AND ORIGIN),90
CHIP-7DAFC5E1,CRPA - STM32G484,STM32G484,STM32G484,STMICROELECTRONICS,Philippines,Philippines,NO,Chip / IC,CRPA,CRITICAL,Chinese origin NOT acceptable,,YES,8905720310663,DCOV:CHIP-7DAFC5E1:STM32G484,,STM32F4 microcontrollers found to be of Chinese origin.,,,,2026-08-03,2026-08-03,Technical Inspection Team,Component identification worksheet (COMP IDEN AND ORIGIN),90
CHIP-888C7C3C,CRPA Antenna - STM32F412RET6,STM32F412RET6,STM32F412RET6,STMICROELECTRONICS,,Unknown,UNKNOWN,Chip / IC,CRPA,CRITICAL,Chinese origin NOT acceptable,,YES,8904043611006,DCOV:CHIP-888C7C3C:STM32F412RET6,Microcontroller,STM32F4 microcontrollers found to be of Chinese origin.,,,Heavybot4 (IO Tech),2026-08-03,2026-08-03,Technical Inspection Team,Physical teardown - KEY OBSNS worksheet,70
CHIP-253BBCA4,CRPA GPS Board - H3 LB042BA 9BA2,H3 LB042BA 9BA2,H3 LB042BA 9BA2,ALLWINNER TECH,,China,YES,Chip / IC,CRPA,CRITICAL,Chinese origin NOT acceptable,,YES,8902370990849,DCOV:CHIP-253BBCA4:H3LB042BA9BA2,Volatile Memory,COO China,,,Emlid (Hungary),2026-08-03,2026-08-03,Technical Inspection Team,Physical teardown - KEY OBSNS worksheet,95
CHIP-C72E4BAD,Camera Encoder PCB - EN25Q16B-104HIP,EN25Q16B-104HIP,EN25Q16B-104HIP,EON SILICON SOLUTION,Taiwan,Taiwan,NO,Chip / IC,Payload,NON-CRITICAL,Permitted,,NO,8903642114420,DCOV:CHIP-C72E4BAD:EN25Q16B104HIP,,Certain image processors and encoders of Chinese origin.,,,,2026-08-03,2026-08-03,Technical Inspection Team,Component identification worksheet (COMP IDEN AND ORIGIN),90
CHIP-DCF4D7FB,Camera Encoder PCB - RTL8367S,RTL8367S,RTL8367S,REALTEK,Taiwan,Taiwan,NO,Chip / IC,Payload,NON-CRITICAL,Permitted,,NO,8909132336846,DCOV:CHIP-DCF4D7FB:RTL8367S,,Certain image processors and encoders of Chinese origin.,,,,2026-08-03,2026-08-03,Technical Inspection Team,Component identification worksheet (COMP IDEN AND ORIGIN),90
CHIP-EFE78C8E,Day Camera - TC58NYG0S3H,TC58NYG0S3H,TC58NYG0S3H,KIOXIA/TOSHIBA,,Unknown,UNKNOWN,Chip / IC,Payload,NON-CRITICAL,Permitted,,NO,8905325868590,DCOV:CHIP-EFE78C8E:TC58NYG0S3H,NAND Flash Memory,Non-critical,,,Tamron,2026-08-03,2026-08-03,Technical Inspection Team,Physical teardown - KEY OBSNS worksheet,70
CHIP-8CA7BDB2,EO/IR Camera - M2516KLE,M2516KLE,M2516KLE,MEDIATEK,,China,YES,Chip / IC,Payload,NON-CRITICAL,Permitted,,NO,8904006538265,DCOV:CHIP-8CA7BDB2:M2516KLE,Low Power Controller,COO China,,,"TRB_L6D_ZDM (HWYL, India)",2026-08-03,2026-08-03,Technical Inspection Team,Physical teardown - KEY OBSNS worksheet,95
CHIP-8FA6A0A7,ESC - 34CFD3T LS01050,34CFD3T LS01050,34CFD3T LS01050,TEXAS INSTRUMENTS,USA,USA,NO,Chip / IC,ESC,NON-CRITICAL,Permitted,ARK-4IN1-ESC; ModalAI VOXL 4IN1 ESC (MDK-M0138-11-00); Ewing EAESC55v1.0,NO,8907797952357,DCOV:CHIP-8FA6A0A7:34CFD3TLS01050,,Some ESCs (e.g. Vertiq USA) contain STM32-series microcontrollers of Chinese-origin manufacture. Chipset cannot Tx/Rx data and embedded code cannot be remotely altered.,,,,2026-08-03,2026-08-03,Technical Inspection Team,Component identification worksheet (COMP IDEN AND ORIGIN),90
CHIP-8B8FF0C3,ESC - FDBL0630N150,FDBL0630N150,FDBL0630N150,ONSEMI,USA,USA,NO,Chip / IC,ESC,NON-CRITICAL,Permitted,ARK-4IN1-ESC; ModalAI VOXL 4IN1 ESC (MDK-M0138-11-00); Ewing EAESC55v1.0,NO,8904647412894,DCOV:CHIP-8B8FF0C3:FDBL0630N150,,Some ESCs (e.g. Vertiq USA) contain STM32-series microcontrollers of Chinese-origin manufacture. Chipset cannot Tx/Rx data and embedded code cannot be remotely altered.,,,,2026-08-03,2026-08-03,Technical Inspection Team,Component identification worksheet (COMP IDEN AND ORIGIN),90
CHIP-E695F97C,Electronic Speed Controller - Complete sealed assembly,Complete sealed assembly,Complete sealed assembly,HOBBY WING,,China,YES,Chip / IC,ESC,NON-CRITICAL,Permitted,ARK-4IN1-ESC; ModalAI VOXL 4IN1 ESC (MDK-M0138-11-00); Ewing EAESC55v1.0,NO,8908562710516,DCOV:CHIP-E695F97C:COMPLETESEALEDASSEMBLY,ESC,COO China,,,Hobbywing,2026-08-03,2026-08-03,Technical Inspection Team,Physical teardown - KEY OBSNS worksheet,95
CHIP-0EDD0EAB,Electronic Speed Controller - HAKRC,HAKRC,HAKRC,HAKRC,,Unknown,UNKNOWN,Chip / IC,ESC,NON-CRITICAL,Permitted,ARK-4IN1-ESC; ModalAI VOXL 4IN1 ESC (MDK-M0138-11-00); Ewing EAESC55v1.0,NO,8905174852214,DCOV:CHIP-0EDD0EAB:HAKRC,Microcontroller,Non-critical,,,HAKRC,2026-08-03,2026-08-03,Technical Inspection Team,Physical teardown - KEY OBSNS worksheet,70
CHIP-84868913,Electronic Speed Controller - STM32F302C8T6,STM32F302C8T6,STM32F302C8T6,STMICROELECTRONICS,,China,YES,Chip / IC,ESC,NON-CRITICAL,Permitted,ARK-4IN1-ESC; ModalAI VOXL 4IN1 ESC (MDK-M0138-11-00); Ewing EAESC55v1.0,NO,8900744390110,DCOV:CHIP-84868913:STM32F302C8T6,Microcontroller,COO China,,,Ipremium,2026-08-03,2026-08-03,Technical Inspection Team,Physical teardown - KEY OBSNS worksheet,95
CHIP-5ED5F141,Engine Control Unit - STM32 (partial marking),STM32 (partial marking),STM32 (partial marking),STMICROELECTRONICS,,Unknown,UNKNOWN,Chip / IC,Propulsion,REVIEW,Not classified in policy matrix - refer to inspecting authority,,NO,8903430970450,DCOV:CHIP-5ED5F141:STM32PARTIALMARKING,Microcontroller for ECU,Non-critical,,,Skypower,2026-08-03,2026-08-03,Technical Inspection Team,Physical teardown - KEY OBSNS worksheet,70
CHIP-48552487,Ethernet Switch - Ethernet Switch,Ethernet Switch,Ethernet Switch,MARVELL,,Unknown,UNKNOWN,Chip / IC,Ethernet Switch,CRITICAL,Chinese origin not acceptable in Tx/Rx chain,,YES,8908803039802,DCOV:CHIP-48552487:ETHERNETSWITCH,Microcontroller,Non-critical,,,Perle,2026-08-03,2026-08-03,Technical Inspection Team,Physical teardown - KEY OBSNS worksheet,70
CHIP-85DEF33F,Ethernet Switch - ST3268A,ST3268A,ST3268A,STCOMM,,China,YES,Chip / IC,Ethernet Switch,CRITICAL,Chinese origin not acceptable in Tx/Rx chain,,YES,8906129540460,DCOV:CHIP-85DEF33F:ST3268A,Controller IC,Made in China,,,BB-SEI-C-1 (M/s Kapek USA),2026-08-03,2026-08-03,Technical Inspection Team,Physical teardown - KEY OBSNS worksheet,95
CHIP-198658EE,Flight Controller - STM32F405RGT6,STM32F405RGT6,STM32F405RGT6,STMICROELECTRONICS,,Unknown,UNKNOWN,Chip / IC,Flight Controller,CRITICAL,Chinese origin NOT acceptable,CubePilot Cube Blue H7 (HX4-06154); ARK Electronics ARKV6X; ModalAI VOXL 2 (M0054); Auterion Skynode X,YES,8905081118694,DCOV:CHIP-198658EE:STM32F405RGT6,Microcontroller,"Controls the air vehicle, flight path and Tx/Rx of data. Mostly CubePilot variants (Australia) with Taiwan-sourced parts; indigenous FCUs also available.",,,Orqa (Croatia),2026-08-03,2026-08-03,Technical Inspection Team,Physical teardown - KEY OBSNS worksheet,70
CHIP-F01A6C18,GCS - ATMEGA16U2,ATMEGA16U2,ATMEGA16U2,ATMEL,Philippines,Philippines,NO,Chip / IC,GCS,CRITICAL,Chinese origin NOT acceptable. GETAC (Taiwan) and Panasonic (Japan) acceptable,Panasonic TOUGHBOOK G2 (FZ-G2); Freefly Pilot Pro 950-00136; ModalAI Zorro Blue,YES,8904997986489,DCOV:CHIP-F01A6C18:ATMEGA16U2,,"Used for control, mission data upload and mission detail download.",,,,2026-08-03,2026-08-03,Technical Inspection Team,Component identification worksheet (COMP IDEN AND ORIGIN),90
CHIP-B45B6464,GCS - ATSAM3X8E,ATSAM3X8E,ATSAM3X8E,MICROCHIP TECHNOLOGY INC,USA,USA,NO,Chip / IC,GCS,CRITICAL,Chinese origin NOT acceptable. GETAC (Taiwan) and Panasonic (Japan) acceptable,Panasonic TOUGHBOOK G2 (FZ-G2); Freefly Pilot Pro 950-00136; ModalAI Zorro Blue,YES,8905442246806,DCOV:CHIP-B45B6464:ATSAM3X8E,,"Used for control, mission data upload and mission detail download.",,,,2026-08-03,2026-08-03,Technical Inspection Team,Component identification worksheet (COMP IDEN AND ORIGIN),90
CHIP-BE71E6CC,GCS - MT28-XS002L,MT28-XS002L,MT28-XS002L,HELING ELECTRONICS,,China,YES,Chip / IC,GCS,CRITICAL,Chinese origin NOT acceptable. GETAC (Taiwan) and Panasonic (Japan) acceptable,Panasonic TOUGHBOOK G2 (FZ-G2); Freefly Pilot Pro 950-00136; ModalAI Zorro Blue,YES,8903840112167,DCOV:CHIP-BE71E6CC:MT28XS002L,Pulse Transformer,Made in China,,,Argosdyne (South Korea),2026-08-03,2026-08-03,Technical Inspection Team,Physical teardown - KEY OBSNS worksheet,95
CHIP-53169D09,GDT Radio - 65981ABI,65981ABI,65981ABI,TEXAS INSTRUMENTS,USA,USA,NO,Chip / IC,Radio Modem,CRITICAL,Chinese origin not acceptable except passive components not in the Tx/Rx chain,Doodle Labs RM-2450-2J-XMC; Silvus SC4200P; Microhard pMDDL2450; RFDesign MODEM-RFD900x,YES,8904494688534,DCOV:CHIP-53169D09:65981ABI,,A/D converters and passive ICs in GDT/radio modems found to be of Chinese origin.,,,,2026-08-03,2026-08-03,Technical Inspection Team,Component identification worksheet (COMP IDEN AND ORIGIN),90
CHIP-25C9FCFC,GDT Radio - CIRRUS 42L51C,CIRRUS 42L51C,CIRRUS 42L51C,CIRRUS LOGIC,USA,USA,NO,Chip / IC,Radio Modem,CRITICAL,Chinese origin not acceptable except passive components not in the Tx/Rx chain,Doodle Labs RM-2450-2J-XMC; Silvus SC4200P; Microhard pMDDL2450; RFDesign MODEM-RFD900x,YES,8905950631507,DCOV:CHIP-25C9FCFC:CIRRUS42L51C,,A/D converters and passive ICs in GDT/radio modems found to be of Chinese origin.,,,,2026-08-03,2026-08-03,Technical Inspection Team,Component identification worksheet (COMP IDEN AND ORIGIN),90
CHIP-F5C9BB86,GDT/RVT Radio - 2FAI5 RWI39,2FAI5 RWI39,2FAI5 RWI39,MICRON TECHNOLOGY,USA,USA,NO,Chip / IC,Radio Modem,CRITICAL,Chinese origin not acceptable except passive components not in the Tx/Rx chain,Doodle Labs RM-2450-2J-XMC; Silvus SC4200P; Microhard pMDDL2450; RFDesign MODEM-RFD900x,YES,8908569985696,DCOV:CHIP-F5C9BB86:2FAI5RWI39,,A/D converters and passive ICs in GDT/radio modems found to be of Chinese origin.,,,,2026-08-03,2026-08-03,Technical Inspection Team,Component identification worksheet (COMP IDEN AND ORIGIN),90
CHIP-AC040CD7,GDT/RVT Radio - MRA923C4G-P,MRA923C4G-P,MRA923C4G-P,ALLIANCE MEMORY INC,USA,USA,NO,Chip / IC,Radio Modem,CRITICAL,Chinese origin not acceptable except passive components not in the Tx/Rx chain,Doodle Labs RM-2450-2J-XMC; Silvus SC4200P; Microhard pMDDL2450; RFDesign MODEM-RFD900x,YES,8906152773484,DCOV:CHIP-AC040CD7:MRA923C4GP,,A/D converters and passive ICs in GDT/radio modems found to be of Chinese origin.,,,,2026-08-03,2026-08-03,Technical Inspection Team,Component identification worksheet (COMP IDEN AND ORIGIN),90
CHIP-C21541D9,GDT/RVT Radio - XC7Z030,XC7Z030,XC7Z030,XILINX,USA,USA,NO,Chip / IC,Radio Modem,CRITICAL,Chinese origin not acceptable except passive components not in the Tx/Rx chain,Doodle Labs RM-2450-2J-XMC; Silvus SC4200P; Microhard pMDDL2450; RFDesign MODEM-RFD900x,YES,8905987292962,DCOV:CHIP-C21541D9:XC7Z030,,A/D converters and passive ICs in GDT/radio modems found to be of Chinese origin.,,,,2026-08-03,2026-08-03,Technical Inspection Team,Component identification worksheet (COMP IDEN AND ORIGIN),90
CHIP-C890DD89,GNSS Receiver - STM32G4A1,STM32G4A1,STM32G4A1,STMICROELECTRONICS,,China,YES,Chip / IC,GNSS Receiver,CRITICAL,Chinese origin NOT acceptable,ARK TESEO GPS; Septentrio mosaic-X5; Locus Lock LEO100 GNSS-SDR; CubePilot Here 4,YES,8909827561904,DCOV:CHIP-C890DD89:STM32G4A1,Microcontroller,Made in China,,,Precision Point-Pro V1.1,2026-08-03,2026-08-03,Technical Inspection Team,Physical teardown - KEY OBSNS worksheet,95
CHIP-D7535492,GNSS Receiver - STM32G4A1KCU6,STM32G4A1KCU6,STM32G4A1KCU6,STMICROELECTRONICS,,China,YES,Chip / IC,GNSS Receiver,CRITICAL,Chinese origin NOT acceptable,ARK TESEO GPS; Septentrio mosaic-X5; Locus Lock LEO100 GNSS-SDR; CubePilot Here 4,YES,8905392565453,DCOV:CHIP-D7535492:STM32G4A1KCU6,Microcontroller,COO China,,,TrueNavPro-G4 V1.1B,2026-08-03,2026-08-03,Technical Inspection Team,Physical teardown - KEY OBSNS worksheet,95
CHIP-B9B47421,GPS + Compass - 13156 PNI2GA330302,13156 PNI2GA330302,13156 PNI2GA330302,PNI SENSOR CORPORATION,USA,USA,NO,Chip / IC,GNSS Receiver,CRITICAL,Chinese origin NOT acceptable,ARK TESEO GPS; Septentrio mosaic-X5; Locus Lock LEO100 GNSS-SDR; CubePilot Here 4,YES,8902167789335,DCOV:CHIP-B9B47421:13156PNI2GA330302,,STM32G4A1KEU6 class ICs found to be of Chinese origin.,,,,2026-08-03,2026-08-03,Technical Inspection Team,Component identification worksheet (COMP IDEN AND ORIGIN),90
CHIP-A8605044,GPS + Compass - DAE J2347 MJ2,DAE J2347 MJ2,DAE J2347 MJ2,DAEJIN SEMICONDUCTOR,South Korea,South Korea,NO,Chip / IC,GNSS Receiver,CRITICAL,Chinese origin NOT acceptable,ARK TESEO GPS; Septentrio mosaic-X5; Locus Lock LEO100 GNSS-SDR; CubePilot Here 4,YES,8904764760274,DCOV:CHIP-A8605044:DAEJ2347MJ2,,STM32G4A1KEU6 class ICs found to be of Chinese origin.,,,,2026-08-03,2026-08-03,Technical Inspection Team,Component identification worksheet (COMP IDEN AND ORIGIN),90
CHIP-E60B88C7,GPS + Compass - STM32H757ZIY6,STM32H757ZIY6,STM32H757ZIY6,STMICROELECTRONICS,Taiwan,Taiwan,NO,Chip / IC,GNSS Receiver,CRITICAL,Chinese origin NOT acceptable,ARK TESEO GPS; Septentrio mosaic-X5; Locus Lock LEO100 GNSS-SDR; CubePilot Here 4,YES,8904958087774,DCOV:CHIP-E60B88C7:STM32H757ZIY6,,STM32G4A1KEU6 class ICs found to be of Chinese origin.,,,,2026-08-03,2026-08-03,Technical Inspection Team,Component identification worksheet (COMP IDEN AND ORIGIN),90
CHIP-470B2BC8,Modem Controller and Camera Encoder - BCM2711,BCM2711,BCM2711,BROADCOM INC,USA,USA,NO,Chip / IC,Radio Modem,CRITICAL,Chinese origin not acceptable except passive components not in the Tx/Rx chain,Doodle Labs RM-2450-2J-XMC; Silvus SC4200P; Microhard pMDDL2450; RFDesign MODEM-RFD900x,YES,8901001869394,DCOV:CHIP-470B2BC8:BCM2711,,A/D converters and passive ICs in GDT/radio modems found to be of Chinese origin.,,,,2026-08-03,2026-08-03,Technical Inspection Team,Component identification worksheet (COMP IDEN AND ORIGIN),90
CHIP-6F489FED,Modem Controller and Camera Encoder - VL805-Q6,VL805-Q6,VL805-Q6,VIA LABS INC,Taiwan,Taiwan,NO,Chip / IC,Radio Modem,CRITICAL,Chinese origin not acceptable except passive components not in the Tx/Rx chain,Doodle Labs RM-2450-2J-XMC; Silvus SC4200P; Microhard pMDDL2450; RFDesign MODEM-RFD900x,YES,8907716332154,DCOV:CHIP-6F489FED:VL805Q6,,A/D converters and passive ICs in GDT/radio modems found to be of Chinese origin.,,,,2026-08-03,2026-08-03,Technical Inspection Team,Component identification worksheet (COMP IDEN AND ORIGIN),90
CHIP-C59E9F43,Network Switch - H4801G,H4801G,H4801G,E-NETTER,,Unknown,UNKNOWN,Chip / IC,Ethernet Switch,CRITICAL,Chinese origin not acceptable in Tx/Rx chain,,YES,8902856932561,DCOV:CHIP-C59E9F43:H4801G,Pulse Transformer,Controller ICs found to be Shenzhen-sourced.,,,5 Port Gigabit (M/s Power Integrations USA),2026-08-03,2026-08-03,Technical Inspection Team,Physical teardown - KEY OBSNS worksheet,70
CHIP-6B6F227A,On Board Computer - RTL8119L,RTL8119L,RTL8119L,REALTEK,,Unknown,UNKNOWN,Chip / IC,On Board Computer,CRITICAL,Chinese origin NOT acceptable,NVIDIA Jetson Orin NX (900-13767-0000-0A0); Raspberry Pi 5 (RPI5-8GB-SINGLE); NextVision TRIP6,YES,8900386281760,DCOV:CHIP-6B6F227A:RTL8119L,Network Interface Controller,"Mostly NVIDIA Jetson variants of US origin, but WiFi module and DRAM/storage often of Chinese origin.",,,NVIDIA Jetson Nano (USA),2026-08-03,2026-08-03,Technical Inspection Team,Physical teardown - KEY OBSNS worksheet,70
CHIP-BA0368EA,Power Distribution Board - B340A,B340A,B340A,DIODES INCORPORATED,Taiwan,Taiwan,NO,Chip / IC,Power Distribution Board,NON-CRITICAL,Permitted,,NO,8904843590907,DCOV:CHIP-BA0368EA:B340A,,DC-DC converters found to contain Chinese components.,,,,2026-08-03,2026-08-03,Technical Inspection Team,Component identification worksheet (COMP IDEN AND ORIGIN),90
CHIP-D7DFB185,Power Distribution Board - MP1584EN,MP1584EN,MP1584EN,MONOLITHIC POWER SYSTEMS,USA,USA,NO,Chip / IC,Power Distribution Board,NON-CRITICAL,Permitted,,NO,8905175329388,DCOV:CHIP-D7DFB185:MP1584EN,,DC-DC converters found to contain Chinese components.,,,,2026-08-03,2026-08-03,Technical Inspection Team,Component identification worksheet (COMP IDEN AND ORIGIN),90
CHIP-3F83EFF3,Power Module - B610 LT 0D30,B610 LT 0D30,B610 LT 0D30,TEXAS INSTRUMENTS,USA,USA,NO,Chip / IC,Power Distribution Board,NON-CRITICAL,Permitted,,NO,8908239876095,DCOV:CHIP-3F83EFF3:B610LT0D30,,DC-DC converters found to contain Chinese components.,,,,2026-08-03,2026-08-03,Technical Inspection Team,Component identification worksheet (COMP IDEN AND ORIGIN),90
CHIP-C368F8C5,Power Module - INA169,INA169,INA169,LINEAR TECHNOLOGY,USA,USA,NO,Chip / IC,Power Distribution Board,NON-CRITICAL,Permitted,,NO,8901622464220,DCOV:CHIP-C368F8C5:INA169,,DC-DC converters found to contain Chinese components.,,,,2026-08-03,2026-08-03,Technical Inspection Team,Component identification worksheet (COMP IDEN AND ORIGIN),90
CHIP-0B8E8EC1,Power Supply Board - STM32F412,STM32F412,STM32F412,STMICROELECTRONICS,,Unknown,UNKNOWN,Chip / IC,Power Distribution Board,NON-CRITICAL,Permitted,,NO,8908660886519,DCOV:CHIP-0B8E8EC1:STM32F412,Microcontroller,DC-DC converters found to contain Chinese components.,,,IO Tech (India),2026-08-03,2026-08-03,Technical Inspection Team,Physical teardown - KEY OBSNS worksheet,70
CHIP-C8C168E7,Radio (GDT) - SD Card,SD Card,SD Card,SANDISK,,Unknown,UNKNOWN,Chip / IC,Radio Modem,CRITICAL,Chinese origin not acceptable except passive components not in the Tx/Rx chain,Doodle Labs RM-2450-2J-XMC; Silvus SC4200P; Microhard pMDDL2450; RFDesign MODEM-RFD900x,YES,8905622836230,DCOV:CHIP-C8C168E7:SDCARD,Storage Memory,Non-critical,,,Domo Tactical Communications (UK),2026-08-03,2026-08-03,Technical Inspection Team,Physical teardown - KEY OBSNS worksheet,70
CHIP-1B3DC3C3,Radio Modem - STM32F26830,STM32F26830,STM32F26830,STMICROELECTRONICS,,China,YES,Chip / IC,Radio Modem,CRITICAL,Chinese origin not acceptable except passive components not in the Tx/Rx chain,Doodle Labs RM-2450-2J-XMC; Silvus SC4200P; Microhard pMDDL2450; RFDesign MODEM-RFD900x,YES,8909636477373,DCOV:CHIP-1B3DC3C3:STM32F26830,Microcontroller,Made in China,,,Picoradio-162 Rev 1.1,2026-08-03,2026-08-03,Technical Inspection Team,Physical teardown - KEY OBSNS worksheet,95
CHIP-35958F15,Radio Modem - STM32G030F6P6,STM32G030F6P6,STM32G030F6P6,STMICROELECTRONICS,,China,YES,Chip / IC,Radio Modem,CRITICAL,Chinese origin not acceptable except passive components not in the Tx/Rx chain,Doodle Labs RM-2450-2J-XMC; Silvus SC4200P; Microhard pMDDL2450; RFDesign MODEM-RFD900x,YES,8909689602258,DCOV:CHIP-35958F15:STM32G030F6P6,Microcontroller,COO China,,,pMDDL1624 (M/s Kalpin Tech),2026-08-03,2026-08-03,Technical Inspection Team,Physical teardown - KEY OBSNS worksheet,95
CHIP-A1934526,Radio Module (GDT and ADT) - CIRRUS 42L51CWP2211,CIRRUS 42L51CWP2211,CIRRUS 42L51CWP2211,CIRRUS LOGIC,,Unknown,UNKNOWN,Chip / IC,Radio Modem,CRITICAL,Chinese origin not acceptable except passive components not in the Tx/Rx chain,Doodle Labs RM-2450-2J-XMC; Silvus SC4200P; Microhard pMDDL2450; RFDesign MODEM-RFD900x,YES,8901043191446,DCOV:CHIP-A1934526:CIRRUS42L51CWP2211,A/D Converter,Non-critical,,,Condor UL0087-HX (Exicom),2026-08-03,2026-08-03,Technical Inspection Team,Physical teardown - KEY OBSNS worksheet,70
CHIP-B340F929,Receiver Module - FEMDRM016G-58A43,FEMDRM016G-58A43,FEMDRM016G-58A43,FORESEE,,Unknown,UNKNOWN,Chip / IC,Radio Modem,CRITICAL,Chinese origin not acceptable except passive components not in the Tx/Rx chain,Doodle Labs RM-2450-2J-XMC; Silvus SC4200P; Microhard pMDDL2450; RFDesign MODEM-RFD900x,YES,8902613146590,DCOV:CHIP-B340F929:FEMDRM016G58A43,NAND Flash Memory,Embedded storage,,,Argosdyne (South Korea),2026-08-03,2026-08-03,Technical Inspection Team,Physical teardown - KEY OBSNS worksheet,70
CHIP-04995423,Router - DRAM,DRAM,DRAM,FORESEE,,Unknown,UNKNOWN,Chip / IC,Ethernet Switch,CRITICAL,Chinese origin not acceptable in Tx/Rx chain,,YES,8907420005702,DCOV:CHIP-04995423:DRAM,Volatile Memory for system operation,Controller ICs found to be Shenzhen-sourced.,,,"RB750G (Mikrotik, Latvia)",2026-08-03,2026-08-03,Technical Inspection Team,Physical teardown - KEY OBSNS worksheet,70
CHIP-77110A3A,SDR PCB - LPC4320FBD144,LPC4320FBD144,LPC4320FBD144,NXP SEMICONDUCTORS,Taiwan,Taiwan,NO,Chip / IC,Other,REVIEW,Not classified in policy matrix - refer to inspecting authority,,NO,8905390862356,DCOV:CHIP-77110A3A:LPC4320FBD144,,,,,,2026-08-03,2026-08-03,Technical Inspection Team,Component identification worksheet (COMP IDEN AND ORIGIN),90
CHIP-21367B45,SDR PCB - MAX2837,MAX2837,MAX2837,MAXIM INTEGRATED,USA,USA,NO,Chip / IC,Other,REVIEW,Not classified in policy matrix - refer to inspecting authority,,NO,8901106148844,DCOV:CHIP-21367B45:MAX2837,,,,,,2026-08-03,2026-08-03,Technical Inspection Team,Component identification worksheet (COMP IDEN AND ORIGIN),90
CHIP-F97BAC18,SDR PCB - SI5351 B224C6,SI5351 B224C6,SI5351 B224C6,SILICON LABS,USA,USA,NO,Chip / IC,Other,REVIEW,Not classified in policy matrix - refer to inspecting authority,,NO,8903448462862,DCOV:CHIP-F97BAC18:SI5351B224C6,,,,,,2026-08-03,2026-08-03,Technical Inspection Team,Component identification worksheet (COMP IDEN AND ORIGIN),90
CHIP-C958ED32,SSD - 11850012BG,11850012BG,11850012BG,SANDISK,,China,YES,Chip / IC,On Board Computer,CRITICAL,Chinese origin NOT acceptable,NVIDIA Jetson Orin NX (900-13767-0000-0A0); Raspberry Pi 5 (RPI5-8GB-SINGLE); NextVision TRIP6,YES,8909861530447,DCOV:CHIP-C958ED32:11850012BG,Non-volatile Memory,COO China,,,WDS 25DG2G0C-00CD (Malaysia),2026-08-03,2026-08-03,Technical Inspection Team,Physical teardown - KEY OBSNS worksheet,95
CHIP-1D394899,SSD - SDINBDG4-16G,SDINBDG4-16G,SDINBDG4-16G,SANDISK,,Unknown,UNKNOWN,Chip / IC,On Board Computer,CRITICAL,Chinese origin NOT acceptable,NVIDIA Jetson Orin NX (900-13767-0000-0A0); Raspberry Pi 5 (RPI5-8GB-SINGLE); NextVision TRIP6,YES,8905060629876,DCOV:CHIP-1D394899:SDINBDG416G,Non-volatile Memory,Non-critical,,,NVIDIA Jetson Nano (USA),2026-08-03,2026-08-03,Technical Inspection Team,Physical teardown - KEY OBSNS worksheet,70
CHIP-EA15D542,Trip2 Module (Streaming Device) - ADIN1300BCPZ,ADIN1300BCPZ,ADIN1300BCPZ,ANALOG DEVICES,,China,YES,Chip / IC,Payload,NON-CRITICAL,Permitted,,NO,8900641842354,DCOV:CHIP-EA15D542:ADIN1300BCPZ,Low power single port Gigabit Ethernet PHY,COO China,,,Trip 2 (NextVision),2026-08-03,2026-08-03,Technical Inspection Team,Physical teardown - KEY OBSNS worksheet,95
CHIP-010F232C,USB to HDMI Converter - MS1224,MS1224,MS1224,MACRO SILICON,,China,YES,Chip / IC,Payload,NON-CRITICAL,Permitted,,NO,8902335286680,DCOV:CHIP-010F232C:MS1224,Digital Video Encoding,COO China,,,SFX_HDMI_VC_V1.6,2026-08-03,2026-08-03,Technical Inspection Team,Physical teardown - KEY OBSNS worksheet,95
CHIP-8E8FEA17,Video Receiver (VRx) - STM32F302K8,STM32F302K8,STM32F302K8,STMICROELECTRONICS,,China,YES,Chip / IC,Radio Modem,CRITICAL,Chinese origin not acceptable except passive components not in the Tx/Rx chain,Doodle Labs RM-2450-2J-XMC; Silvus SC4200P; Microhard pMDDL2450; RFDesign MODEM-RFD900x,YES,8904565422517,DCOV:CHIP-8E8FEA17:STM32F302K8,Microcontroller,Made in China,,,Orqa,2026-08-03,2026-08-03,Technical Inspection Team,Physical teardown - KEY OBSNS worksheet,95
WATCH-23AA42E0,Watchlist IC - ADIN1300BCPZ,ADIN1300BCPZ,ADIN1300BCPZ,VARIOUS (CHINA-ASSEMBLED),China,China,YES,Chip / IC,Payload,NON-CRITICAL,Permitted,,NO,8904066843071,DCOV:WATCH-23AA42E0:ADIN1300BCPZ,,On the standing Chinese-IC watchlist. Typically found in: Camera Streaming Device,,,,2026-08-03,2026-08-03,Technical Inspection Team,COMMON CHINESE watchlist,98
WATCH-81CC44E8,Watchlist IC - AT7456,AT7456,AT7456,VARIOUS (CHINA-ASSEMBLED),China,China,YES,Chip / IC,GCS,CRITICAL,Chinese origin NOT acceptable. GETAC (Taiwan) and Panasonic (Japan) acceptable,Panasonic TOUGHBOOK G2 (FZ-G2); Freefly Pilot Pro 950-00136; ModalAI Zorro Blue,YES,8900253650705,DCOV:WATCH-81CC44E8:AT7456,,On the standing Chinese-IC watchlist. Typically found in: GCS,,,,2026-08-03,2026-08-03,Technical Inspection Team,COMMON CHINESE watchlist,98
WATCH-1B9BBC5D,Watchlist IC - ESP32,ESP32,ESP32,VARIOUS (CHINA-ASSEMBLED),China,China,YES,Chip / IC,GCS,CRITICAL,Chinese origin NOT acceptable. GETAC (Taiwan) and Panasonic (Japan) acceptable,Panasonic TOUGHBOOK G2 (FZ-G2); Freefly Pilot Pro 950-00136; ModalAI Zorro Blue,YES,8904172174052,DCOV:WATCH-1B9BBC5D:ESP32,,On the standing Chinese-IC watchlist. Typically found in: Wireless connectivity for GCS,,,,2026-08-03,2026-08-03,Technical Inspection Team,COMMON CHINESE watchlist,98
WATCH-488C32A5,Watchlist IC - FEMDRM016G-58A43,FEMDRM016G-58A43,FEMDRM016G-58A43,VARIOUS (CHINA-ASSEMBLED),China,China,YES,Chip / IC,Radio Modem,CRITICAL,Chinese origin not acceptable except passive components not in the Tx/Rx chain,Doodle Labs RM-2450-2J-XMC; Silvus SC4200P; Microhard pMDDL2450; RFDesign MODEM-RFD900x,YES,8901862795368,DCOV:WATCH-488C32A5:FEMDRM016G58A43,,On the standing Chinese-IC watchlist. Typically found in: Receiver Module,,,,2026-08-03,2026-08-03,Technical Inspection Team,COMMON CHINESE watchlist,98
WATCH-A109843B,Watchlist IC - H3 LB042BA 9BA2,H3 LB042BA 9BA2,H3 LB042BA 9BA2,VARIOUS (CHINA-ASSEMBLED),China,China,YES,Chip / IC,CRPA,CRITICAL,Chinese origin NOT acceptable,,YES,8906955022284,DCOV:WATCH-A109843B:H3LB042BA9BA2,,On the standing Chinese-IC watchlist. Typically found in: CRPA,,,,2026-08-03,2026-08-03,Technical Inspection Team,COMMON CHINESE watchlist,98
WATCH-C5BDD57B,Watchlist IC - H4801G,H4801G,H4801G,VARIOUS (CHINA-ASSEMBLED),China,China,YES,Chip / IC,Ethernet Switch,CRITICAL,Chinese origin not acceptable in Tx/Rx chain,,YES,8909655717962,DCOV:WATCH-C5BDD57B:H4801G,,On the standing Chinese-IC watchlist. Typically found in: Network Switch,,,,2026-08-03,2026-08-03,Technical Inspection Team,COMMON CHINESE watchlist,98
WATCH-D12AB5B3,Watchlist IC - M2516KLE,M2516KLE,M2516KLE,VARIOUS (CHINA-ASSEMBLED),China,China,YES,Chip / IC,Payload,NON-CRITICAL,Permitted,,NO,8905210550456,DCOV:WATCH-D12AB5B3:M2516KLE,,On the standing Chinese-IC watchlist. Typically found in: EO/IR Camera,,,,2026-08-03,2026-08-03,Technical Inspection Team,COMMON CHINESE watchlist,98
WATCH-BAC27639,Watchlist IC - MS1224,MS1224,MS1224,VARIOUS (CHINA-ASSEMBLED),China,China,YES,Chip / IC,Payload,NON-CRITICAL,Permitted,,NO,8900501677454,DCOV:WATCH-BAC27639:MS1224,,On the standing Chinese-IC watchlist. Typically found in: Ethernet to OFC Converter,,,,2026-08-03,2026-08-03,Technical Inspection Team,COMMON CHINESE watchlist,98
WATCH-18E6A921,Watchlist IC - MT28-XS002,MT28-XS002,MT28-XS002,VARIOUS (CHINA-ASSEMBLED),China,China,YES,Chip / IC,GCS,CRITICAL,Chinese origin NOT acceptable. GETAC (Taiwan) and Panasonic (Japan) acceptable,Panasonic TOUGHBOOK G2 (FZ-G2); Freefly Pilot Pro 950-00136; ModalAI Zorro Blue,YES,8908883779469,DCOV:WATCH-18E6A921:MT28XS002,,On the standing Chinese-IC watchlist. Typically found in: GCS - Ethernet Transformer,,,,2026-08-03,2026-08-03,Technical Inspection Team,COMMON CHINESE watchlist,98
WATCH-0AA8264E,Watchlist IC - RTL8119L,RTL8119L,RTL8119L,VARIOUS (CHINA-ASSEMBLED),China,China,YES,Chip / IC,On Board Computer,CRITICAL,Chinese origin NOT acceptable,NVIDIA Jetson Orin NX (900-13767-0000-0A0); Raspberry Pi 5 (RPI5-8GB-SINGLE); NextVision TRIP6,YES,8903190646671,DCOV:WATCH-0AA8264E:RTL8119L,,On the standing Chinese-IC watchlist. Typically found in: WiFi Module on NVIDIA Jetson Nano,,,,2026-08-03,2026-08-03,Technical Inspection Team,COMMON CHINESE watchlist,98
WATCH-AF73AB88,Watchlist IC - RTL8822CE,RTL8822CE,RTL8822CE,VARIOUS (CHINA-ASSEMBLED),China,China,YES,Chip / IC,On Board Computer,CRITICAL,Chinese origin NOT acceptable,NVIDIA Jetson Orin NX (900-13767-0000-0A0); Raspberry Pi 5 (RPI5-8GB-SINGLE); NextVision TRIP6,YES,8905736433523,DCOV:WATCH-AF73AB88:RTL8822CE,,On the standing Chinese-IC watchlist. Typically found in: WiFi Module on NVIDIA Jetson Orin Nano,,,,2026-08-03,2026-08-03,Technical Inspection Team,COMMON CHINESE watchlist,98
WATCH-13D13108,Watchlist IC - SDINBDG4-16G,SDINBDG4-16G,SDINBDG4-16G,VARIOUS (CHINA-ASSEMBLED),China,China,YES,Chip / IC,On Board Computer,CRITICAL,Chinese origin NOT acceptable,NVIDIA Jetson Orin NX (900-13767-0000-0A0); Raspberry Pi 5 (RPI5-8GB-SINGLE); NextVision TRIP6,YES,8904549280812,DCOV:WATCH-13D13108:SDINBDG416G,,On the standing Chinese-IC watchlist. Typically found in: Memory Storage on NVIDIA Jetson Nano,,,,2026-08-03,2026-08-03,Technical Inspection Team,COMMON CHINESE watchlist,98
WATCH-3B1B86FB,Watchlist IC - STM32F030CCT6,STM32F030CCT6,STM32F030CCT6,VARIOUS (CHINA-ASSEMBLED),China,China,YES,Chip / IC,Radio Modem,CRITICAL,Chinese origin not acceptable except passive components not in the Tx/Rx chain,Doodle Labs RM-2450-2J-XMC; Silvus SC4200P; Microhard pMDDL2450; RFDesign MODEM-RFD900x,YES,8907050760156,DCOV:WATCH-3B1B86FB:STM32F030CCT6,,On the standing Chinese-IC watchlist. Typically found in: Video Receiver Module,,,,2026-08-03,2026-08-03,Technical Inspection Team,COMMON CHINESE watchlist,98
WATCH-C9BAF830,Watchlist IC - STM32F103C8T6,STM32F103C8T6,STM32F103C8T6,VARIOUS (CHINA-ASSEMBLED),China,China,YES,Chip / IC,Flight Controller,CRITICAL,Chinese origin NOT acceptable,CubePilot Cube Blue H7 (HX4-06154); ARK Electronics ARKV6X; ModalAI VOXL 2 (M0054); Auterion Skynode X,YES,8908743937800,DCOV:WATCH-C9BAF830:STM32F103C8T6,,"On the standing Chinese-IC watchlist. Typically found in: GCS, Baro Board, FCS",,,,2026-08-03,2026-08-03,Technical Inspection Team,COMMON CHINESE watchlist,98
WATCH-588BB8C3,Watchlist IC - STM32F26830,STM32F26830,STM32F26830,VARIOUS (CHINA-ASSEMBLED),China,China,YES,Chip / IC,GNSS Receiver,CRITICAL,Chinese origin NOT acceptable,ARK TESEO GPS; Septentrio mosaic-X5; Locus Lock LEO100 GNSS-SDR; CubePilot Here 4,YES,8900389053265,DCOV:WATCH-588BB8C3:STM32F26830,,On the standing Chinese-IC watchlist. Typically found in: GNSS Receiver,,,,2026-08-03,2026-08-03,Technical Inspection Team,COMMON CHINESE watchlist,98
WATCH-2C2046CF,Watchlist IC - STM32F302C8T6,STM32F302C8T6,STM32F302C8T6,VARIOUS (CHINA-ASSEMBLED),China,China,YES,Chip / IC,Flight Controller,CRITICAL,Chinese origin NOT acceptable,CubePilot Cube Blue H7 (HX4-06154); ARK Electronics ARKV6X; ModalAI VOXL 2 (M0054); Auterion Skynode X,YES,8902243434609,DCOV:WATCH-2C2046CF:STM32F302C8T6,,"On the standing Chinese-IC watchlist. Typically found in: GCS, Baro Board, FCS, ESC (Vertiq/Falcon 120x models)",,,,2026-08-03,2026-08-03,Technical Inspection Team,COMMON CHINESE watchlist,98
WATCH-C50F40B9,Watchlist IC - STM32F405RGT6,STM32F405RGT6,STM32F405RGT6,VARIOUS (CHINA-ASSEMBLED),China,China,YES,Chip / IC,GCS,CRITICAL,Chinese origin NOT acceptable. GETAC (Taiwan) and Panasonic (Japan) acceptable,Panasonic TOUGHBOOK G2 (FZ-G2); Freefly Pilot Pro 950-00136; ModalAI Zorro Blue,YES,8906400883316,DCOV:WATCH-C50F40B9:STM32F405RGT6,,On the standing Chinese-IC watchlist. Typically found in: GCS,,,,2026-08-03,2026-08-03,Technical Inspection Team,COMMON CHINESE watchlist,98
WATCH-0F269B33,Watchlist IC - STM32F412Z6T6,STM32F412Z6T6,STM32F412Z6T6,VARIOUS (CHINA-ASSEMBLED),China,China,YES,Chip / IC,Power Distribution Board,NON-CRITICAL,Permitted,,NO,8901997127638,DCOV:WATCH-0F269B33:STM32F412Z6T6,,On the standing Chinese-IC watchlist. Typically found in: Power Supply,,,,2026-08-03,2026-08-03,Technical Inspection Team,COMMON CHINESE watchlist,98
WATCH-A98F6BA7,Watchlist IC - STM32F446RCT7,STM32F446RCT7,STM32F446RCT7,VARIOUS (CHINA-ASSEMBLED),China,China,YES,Chip / IC,Propeller,NON-CRITICAL,Permitted,,NO,8909639993726,DCOV:WATCH-A98F6BA7:STM32F446RCT7,,On the standing Chinese-IC watchlist. Typically found in: Servo,,,,2026-08-03,2026-08-03,Technical Inspection Team,COMMON CHINESE watchlist,98
WATCH-9C8BD471,Watchlist IC - STM32F722,STM32F722,STM32F722,VARIOUS (CHINA-ASSEMBLED),China,China,YES,Chip / IC,Flight Controller,CRITICAL,Chinese origin NOT acceptable,CubePilot Cube Blue H7 (HX4-06154); ARK Electronics ARKV6X; ModalAI VOXL 2 (M0054); Auterion Skynode X,YES,8900513444976,DCOV:WATCH-9C8BD471:STM32F722,,"On the standing Chinese-IC watchlist. Typically found in: GCS, FCS",,,,2026-08-03,2026-08-03,Technical Inspection Team,COMMON CHINESE watchlist,98
WATCH-0956466C,Watchlist IC - STM32G030F6P6,STM32G030F6P6,STM32G030F6P6,VARIOUS (CHINA-ASSEMBLED),China,China,YES,Chip / IC,Radio Modem,CRITICAL,Chinese origin not acceptable except passive components not in the Tx/Rx chain,Doodle Labs RM-2450-2J-XMC; Silvus SC4200P; Microhard pMDDL2450; RFDesign MODEM-RFD900x,YES,8905957595376,DCOV:WATCH-0956466C:STM32G030F6P6,,On the standing Chinese-IC watchlist. Typically found in: Radio Modem,,,,2026-08-03,2026-08-03,Technical Inspection Team,COMMON CHINESE watchlist,98
WATCH-2B431FFC,Watchlist IC - STM32G491KCU6,STM32G491KCU6,STM32G491KCU6,VARIOUS (CHINA-ASSEMBLED),China,China,YES,Chip / IC,GNSS Receiver,CRITICAL,Chinese origin NOT acceptable,ARK TESEO GPS; Septentrio mosaic-X5; Locus Lock LEO100 GNSS-SDR; CubePilot Here 4,YES,8901744882643,DCOV:WATCH-2B431FFC:STM32G491KCU6,,On the standing Chinese-IC watchlist. Typically found in: GNSS Receiver,,,,2026-08-03,2026-08-03,Technical Inspection Team,COMMON CHINESE watchlist,98
WATCH-A0437ED1,Watchlist IC - STM32G4A1KCU6,STM32G4A1KCU6,STM32G4A1KCU6,VARIOUS (CHINA-ASSEMBLED),China,China,YES,Chip / IC,GNSS Receiver,CRITICAL,Chinese origin NOT acceptable,ARK TESEO GPS; Septentrio mosaic-X5; Locus Lock LEO100 GNSS-SDR; CubePilot Here 4,YES,8906124277033,DCOV:WATCH-A0437ED1:STM32G4A1KCU6,,On the standing Chinese-IC watchlist. Typically found in: GNSS Receiver,,,,2026-08-03,2026-08-03,Technical Inspection Team,COMMON CHINESE watchlist,98
WATCH-6E101A70,Watchlist IC - YT8531C,YT8531C,YT8531C,VARIOUS (CHINA-ASSEMBLED),China,China,YES,Chip / IC,GCS,CRITICAL,Chinese origin NOT acceptable. GETAC (Taiwan) and Panasonic (Japan) acceptable,Panasonic TOUGHBOOK G2 (FZ-G2); Freefly Pilot Pro 950-00136; ModalAI Zorro Blue,YES,8908539742977,DCOV:WATCH-6E101A70:YT8531C,,On the standing Chinese-IC watchlist. Typically found in: GCS - Ethernet Transformer,,,,2026-08-03,2026-08-03,Technical Inspection Team,COMMON CHINESE watchlist,98
CHIP-5DC3664A,Wifi Module - RTL8822CE,RTL8822CE,RTL8822CE,REALTEK,,Unknown,UNKNOWN,Chip / IC,On Board Computer,CRITICAL,Chinese origin NOT acceptable,NVIDIA Jetson Orin NX (900-13767-0000-0A0); Raspberry Pi 5 (RPI5-8GB-SINGLE); NextVision TRIP6,YES,8905979329089,DCOV:CHIP-5DC3664A:RTL8822CE,WiFi Module,"Mostly NVIDIA Jetson variants of US origin, but WiFi module and DRAM/storage often of Chinese origin.",,,NVIDIA Jetson Orin Nano,2026-08-03,2026-08-03,Technical Inspection Team,Physical teardown - KEY OBSNS worksheet,70
OEM-6B967065,Antenna - Aquatronics,Aquatronics,,AQUATRONICS,India,India,NO,OEM / LRU,Antenna,NON-CRITICAL,Permitted,,NO,8902859564288,DCOV:OEM-6B967065:AQUATRONICS,,No smart components. Omni/directional antennae in GDT may contain Chinese parts.,,,,2026-08-03,2026-08-03,Procurement Cell,OEM landscape (DRONE AND LM PARTS),85
OEM-2A31FF42,Antenna - Doodle Labs,Doodle Labs,,DOODLE LABS,Singapore,Singapore,NO,OEM / LRU,Antenna,NON-CRITICAL,Permitted,,NO,8909436489903,DCOV:OEM-2A31FF42:DOODLELABS,,No smart components. Omni/directional antennae in GDT may contain Chinese parts.,,,,2026-08-03,2026-08-03,Procurement Cell,OEM landscape (DRONE AND LM PARTS),85
OEM-6A8D8420,Antenna - Exicom Technologies,Exicom Technologies,,EXICOM TECHNOLOGIES,India,India,NO,OEM / LRU,Antenna,NON-CRITICAL,Permitted,,NO,8908479520291,DCOV:OEM-6A8D8420:EXICOMTECHNOLOGIES,,No smart components. Omni/directional antennae in GDT may contain Chinese parts.,,,,2026-08-03,2026-08-03,Procurement Cell,OEM landscape (DRONE AND LM PARTS),85
OEM-FE2E1044,Antenna - IO Tech,IO Tech,,IO TECH,India,India,NO,OEM / LRU,Antenna,NON-CRITICAL,Permitted,,NO,8902815371455,DCOV:OEM-FE2E1044:IOTECH,,No smart components. Omni/directional antennae in GDT may contain Chinese parts.,,,,2026-08-03,2026-08-03,Procurement Cell,OEM landscape (DRONE AND LM PARTS),85
OEM-5CD1DF5D,Antenna - Optiemus Unmanned Sys,Optiemus Unmanned Sys,,OPTIEMUS UNMANNED SYS,India,India,NO,OEM / LRU,Antenna,NON-CRITICAL,Permitted,,NO,8908770782770,DCOV:OEM-5CD1DF5D:OPTIEMUSUNMANNEDSYS,,No smart components. Omni/directional antennae in GDT may contain Chinese parts.,,,,2026-08-03,2026-08-03,Procurement Cell,OEM landscape (DRONE AND LM PARTS),85
OEM-3F2E2CD1,Antenna - RF Design,RF Design,,RF DESIGN,Australia,Australia,NO,OEM / LRU,Antenna,NON-CRITICAL,Permitted,,NO,8908593394037,DCOV:OEM-3F2E2CD1:RFDESIGN,,No smart components. Omni/directional antennae in GDT may contain Chinese parts.,,,,2026-08-03,2026-08-03,Procurement Cell,OEM landscape (DRONE AND LM PARTS),85
OEM-504FF602,Antenna - True RC,True RC,,TRUE RC,Canada,Canada,NO,OEM / LRU,Antenna,NON-CRITICAL,Permitted,,NO,8907662734743,DCOV:OEM-504FF602:TRUERC,,No smart components. Omni/directional antennae in GDT may contain Chinese parts.,,,,2026-08-03,2026-08-03,Procurement Cell,OEM landscape (DRONE AND LM PARTS),85
OEM-B9A6CDC6,Battery Charger - Algofet,Algofet,,ALGOFET,India,India,NO,OEM / LRU,Battery,NON-CRITICAL,Permitted,,NO,8907639342377,DCOV:OEM-B9A6CDC6:ALGOFET,,Li-ion/Li-po/dry solid; cells manufactured in China.,,,,2026-08-03,2026-08-03,Procurement Cell,OEM landscape (DRONE AND LM PARTS),85
OEM-34567DAD,Battery Charger - Ascent Power,Ascent Power,,ASCENT POWER,China,China,YES,OEM / LRU,Battery,NON-CRITICAL,Permitted,,NO,8904605914521,DCOV:OEM-34567DAD:ASCENTPOWER,,Li-ion/Li-po/dry solid; cells manufactured in China.,,,,2026-08-03,2026-08-03,Procurement Cell,OEM landscape (DRONE AND LM PARTS),85
OEM-D5D75F6A,Battery Charger - Electrica Energy,Electrica Energy,,ELECTRICA ENERGY,India,India,NO,OEM / LRU,Battery,NON-CRITICAL,Permitted,,NO,8906187706785,DCOV:OEM-D5D75F6A:ELECTRICAENERGY,,Li-ion/Li-po/dry solid; cells manufactured in China.,,,,2026-08-03,2026-08-03,Procurement Cell,OEM landscape (DRONE AND LM PARTS),85
OEM-30D71611,CRPA Antenna - Fisheyes,Fisheyes,,FISHEYES,Belgium,Belgium,NO,OEM / LRU,CRPA,CRITICAL,Chinese origin NOT acceptable,,YES,8901296647196,DCOV:OEM-30D71611:FISHEYES,,STM32F4 microcontrollers found to be of Chinese origin.,,,,2026-08-03,2026-08-03,Procurement Cell,OEM landscape (DRONE AND LM PARTS),85
OEM-C4721041,CRPA Antenna - Idea Forge,Idea Forge,,IDEA FORGE,India,India,NO,OEM / LRU,CRPA,CRITICAL,Chinese origin NOT acceptable,,YES,8907183446569,DCOV:OEM-C4721041:IDEAFORGE,,STM32F4 microcontrollers found to be of Chinese origin.,,,,2026-08-03,2026-08-03,Procurement Cell,OEM landscape (DRONE AND LM PARTS),85
OEM-CCF475A6,CRPA Antenna - Mtratech,Mtratech,,MTRATECH,Taiwan,Taiwan,NO,OEM / LRU,CRPA,CRITICAL,Chinese origin NOT acceptable,,YES,8901558296971,DCOV:OEM-CCF475A6:MTRATECH,,STM32F4 microcontrollers found to be of Chinese origin.,,,,2026-08-03,2026-08-03,Procurement Cell,OEM landscape (DRONE AND LM PARTS),85
OEM-6AD690DF,CRPA Antenna - Rpi Nuand,Rpi Nuand,,RPI NUAND,UK/USA,UK/USA,NO,OEM / LRU,CRPA,CRITICAL,Chinese origin NOT acceptable,,YES,8901827423374,DCOV:OEM-6AD690DF:RPINUAND,,STM32F4 microcontrollers found to be of Chinese origin.,,,,2026-08-03,2026-08-03,Procurement Cell,OEM landscape (DRONE AND LM PARTS),85
OEM-CE2FD4A4,CRPA Antenna - Zoid Tech,Zoid Tech,,ZOID TECH,Belarus,Belarus,NO,OEM / LRU,CRPA,CRITICAL,Chinese origin NOT acceptable,,YES,8907352521752,DCOV:OEM-CE2FD4A4:ZOIDTECH,,STM32F4 microcontrollers found to be of Chinese origin.,,,,2026-08-03,2026-08-03,Procurement Cell,OEM landscape (DRONE AND LM PARTS),85
OEM-781CB5D1,Current Sensor - 3DR,3DR,,3DR,USA,USA,NO,OEM / LRU,Sensors,REVIEW,Not classified in policy matrix - refer to inspecting authority,,NO,8901223479715,DCOV:OEM-781CB5D1:3DR,,,,,,2026-08-03,2026-08-03,Procurement Cell,OEM landscape (DRONE AND LM PARTS),85
OEM-71D09AC2,DC-DC Converter - TDK Lambda,TDK Lambda,,TDK LAMBDA,Japan,Japan,NO,OEM / LRU,Power Distribution Board,NON-CRITICAL,Permitted,,NO,8906192690918,DCOV:OEM-71D09AC2:TDKLAMBDA,,DC-DC converters found to contain Chinese components.,,,,2026-08-03,2026-08-03,Procurement Cell,OEM landscape (DRONE AND LM PARTS),85
OEM-8FCBE096,DC-DC Converter - Vyom,Vyom,,VYOM,India,India,NO,OEM / LRU,Power Distribution Board,NON-CRITICAL,Permitted,,NO,8900939190563,DCOV:OEM-8FCBE096:VYOM,,DC-DC converters found to contain Chinese components.,,,,2026-08-03,2026-08-03,Procurement Cell,OEM landscape (DRONE AND LM PARTS),85
OEM-22517881,EO/IR/VPS - Baumer,Baumer,,BAUMER,Germany,Germany,NO,OEM / LRU,Payload,NON-CRITICAL,Permitted,,NO,8901693655411,DCOV:OEM-22517881:BAUMER,,Certain image processors and encoders of Chinese origin.,,,,2026-08-03,2026-08-03,Procurement Cell,OEM landscape (DRONE AND LM PARTS),85
OEM-23C30873,EO/IR/VPS - Defendrone,Defendrone,,DEFENDRONE,India,India,NO,OEM / LRU,Payload,NON-CRITICAL,Permitted,,NO,8902788618861,DCOV:OEM-23C30873:DEFENDRONE,,Certain image processors and encoders of Chinese origin.,,,,2026-08-03,2026-08-03,Procurement Cell,OEM landscape (DRONE AND LM PARTS),85
OEM-4A80B70A,EO/IR/VPS - E Vision,E Vision,,E VISION,India,India,NO,OEM / LRU,Payload,NON-CRITICAL,Permitted,,NO,8907180870176,DCOV:OEM-4A80B70A:EVISION,,Certain image processors and encoders of Chinese origin.,,,,2026-08-03,2026-08-03,Procurement Cell,OEM landscape (DRONE AND LM PARTS),85
OEM-BB0E30D7,EO/IR/VPS - Harrier,Harrier,,HARRIER,UK,UK,NO,OEM / LRU,Payload,NON-CRITICAL,Permitted,,NO,8909164248902,DCOV:OEM-BB0E30D7:HARRIER,,Certain image processors and encoders of Chinese origin.,,,,2026-08-03,2026-08-03,Procurement Cell,OEM landscape (DRONE AND LM PARTS),85
OEM-4D1FF731,EO/IR/VPS - Nextvision,Nextvision,,NEXTVISION,Israel,Israel,NO,OEM / LRU,Payload,NON-CRITICAL,Permitted,,NO,8901449145654,DCOV:OEM-4D1FF731:NEXTVISION,,Certain image processors and encoders of Chinese origin.,,,,2026-08-03,2026-08-03,Procurement Cell,OEM landscape (DRONE AND LM PARTS),85
OEM-5D8D470F,EO/IR/VPS - Nurlmch Inc,Nurlmch Inc,,NURLMCH INC,Taiwan,Taiwan,NO,OEM / LRU,Payload,NON-CRITICAL,Permitted,,NO,8906535425443,DCOV:OEM-5D8D470F:NURLMCHINC,,Certain image processors and encoders of Chinese origin.,,,,2026-08-03,2026-08-03,Procurement Cell,OEM landscape (DRONE AND LM PARTS),85
OEM-F0175C56,EO/IR/VPS - Skoopia,Skoopia,,SKOOPIA,USA,USA,NO,OEM / LRU,Payload,NON-CRITICAL,Permitted,,NO,8904399624637,DCOV:OEM-F0175C56:SKOOPIA,,Certain image processors and encoders of Chinese origin.,,,,2026-08-03,2026-08-03,Procurement Cell,OEM landscape (DRONE AND LM PARTS),85
OEM-9439EC9E,EO/IR/VPS - Tamron,Tamron,,TAMRON,India,India,NO,OEM / LRU,Payload,NON-CRITICAL,Permitted,,NO,8902158636945,DCOV:OEM-9439EC9E:TAMRON,,Certain image processors and encoders of Chinese origin.,,,,2026-08-03,2026-08-03,Procurement Cell,OEM landscape (DRONE AND LM PARTS),85
OEM-A3FE48D8,EO/IR/VPS - Teledyne FLIR,Teledyne FLIR,,TELEDYNE FLIR,USA,USA,NO,OEM / LRU,Payload,NON-CRITICAL,Permitted,,NO,8905311655555,DCOV:OEM-A3FE48D8:TELEDYNEFLIR,,Certain image processors and encoders of Chinese origin.,,,,2026-08-03,2026-08-03,Procurement Cell,OEM landscape (DRONE AND LM PARTS),85
OEM-26B6C50B,EO/IR/VPS - Trimmer,Trimmer,,TRIMMER,India,India,NO,OEM / LRU,Payload,NON-CRITICAL,Permitted,,NO,8909366663435,DCOV:OEM-26B6C50B:TRIMMER,,Certain image processors and encoders of Chinese origin.,,,,2026-08-03,2026-08-03,Procurement Cell,OEM landscape (DRONE AND LM PARTS),85
OEM-25FC2665,ESC - Botlab Dynamics,Botlab Dynamics,,BOTLAB DYNAMICS,India,India,NO,OEM / LRU,ESC,NON-CRITICAL,Permitted,ARK-4IN1-ESC; ModalAI VOXL 4IN1 ESC (MDK-M0138-11-00); Ewing EAESC55v1.0,NO,8907333698299,DCOV:OEM-25FC2665:BOTLABDYNAMICS,,Some ESCs (e.g. Vertiq USA) contain STM32-series microcontrollers of Chinese-origin manufacture. Chipset cannot Tx/Rx data and embedded code cannot be remotely altered.,,,,2026-08-03,2026-08-03,Procurement Cell,OEM landscape (DRONE AND LM PARTS),85
OEM-7F94BE42,ESC - HAKRC,HAKRC,,HAKRC,China,China,YES,OEM / LRU,ESC,NON-CRITICAL,Permitted,ARK-4IN1-ESC; ModalAI VOXL 4IN1 ESC (MDK-M0138-11-00); Ewing EAESC55v1.0,NO,8909363585013,DCOV:OEM-7F94BE42:HAKRC,,Some ESCs (e.g. Vertiq USA) contain STM32-series microcontrollers of Chinese-origin manufacture. Chipset cannot Tx/Rx data and embedded code cannot be remotely altered.,,,,2026-08-03,2026-08-03,Procurement Cell,OEM landscape (DRONE AND LM PARTS),85
OEM-7010D669,ESC - Hargraves Tech,Hargraves Tech,,HARGRAVES TECH,Australia,Australia,NO,OEM / LRU,ESC,NON-CRITICAL,Permitted,ARK-4IN1-ESC; ModalAI VOXL 4IN1 ESC (MDK-M0138-11-00); Ewing EAESC55v1.0,NO,8904629766311,DCOV:OEM-7010D669:HARGRAVESTECH,,Some ESCs (e.g. Vertiq USA) contain STM32-series microcontrollers of Chinese-origin manufacture. Chipset cannot Tx/Rx data and embedded code cannot be remotely altered.,,,,2026-08-03,2026-08-03,Procurement Cell,OEM landscape (DRONE AND LM PARTS),85
OEM-753FCBB9,ESC - Hobby Wing,Hobby Wing,,HOBBY WING,China,China,YES,OEM / LRU,ESC,NON-CRITICAL,Permitted,ARK-4IN1-ESC; ModalAI VOXL 4IN1 ESC (MDK-M0138-11-00); Ewing EAESC55v1.0,NO,8907726924172,DCOV:OEM-753FCBB9:HOBBYWING,,Some ESCs (e.g. Vertiq USA) contain STM32-series microcontrollers of Chinese-origin manufacture. Chipset cannot Tx/Rx data and embedded code cannot be remotely altered.,,,,2026-08-03,2026-08-03,Procurement Cell,OEM landscape (DRONE AND LM PARTS),85
OEM-59C2970B,ESC - Ingrid Tech,Ingrid Tech,,INGRID TECH,India,India,NO,OEM / LRU,ESC,NON-CRITICAL,Permitted,ARK-4IN1-ESC; ModalAI VOXL 4IN1 ESC (MDK-M0138-11-00); Ewing EAESC55v1.0,NO,8905220264817,DCOV:OEM-59C2970B:INGRIDTECH,,Some ESCs (e.g. Vertiq USA) contain STM32-series microcontrollers of Chinese-origin manufacture. Chipset cannot Tx/Rx data and embedded code cannot be remotely altered.,,,,2026-08-03,2026-08-03,Procurement Cell,OEM landscape (DRONE AND LM PARTS),85
OEM-210BF152,ESC - Ipremium,Ipremium,,IPREMIUM,India,India,NO,OEM / LRU,ESC,NON-CRITICAL,Permitted,ARK-4IN1-ESC; ModalAI VOXL 4IN1 ESC (MDK-M0138-11-00); Ewing EAESC55v1.0,NO,8900162095673,DCOV:OEM-210BF152:IPREMIUM,,Some ESCs (e.g. Vertiq USA) contain STM32-series microcontrollers of Chinese-origin manufacture. Chipset cannot Tx/Rx data and embedded code cannot be remotely altered.,,,,2026-08-03,2026-08-03,Procurement Cell,OEM landscape (DRONE AND LM PARTS),85
OEM-FB5F6AC2,ESC - Scorpian Sys,Scorpian Sys,,SCORPIAN SYS,Taiwan,Taiwan,NO,OEM / LRU,ESC,NON-CRITICAL,Permitted,ARK-4IN1-ESC; ModalAI VOXL 4IN1 ESC (MDK-M0138-11-00); Ewing EAESC55v1.0,NO,8900027641007,DCOV:OEM-FB5F6AC2:SCORPIANSYS,,Some ESCs (e.g. Vertiq USA) contain STM32-series microcontrollers of Chinese-origin manufacture. Chipset cannot Tx/Rx data and embedded code cannot be remotely altered.,,,,2026-08-03,2026-08-03,Procurement Cell,OEM landscape (DRONE AND LM PARTS),85
OEM-B34748D2,ESC - Vertiq,Vertiq,,VERTIQ,USA,USA,NO,OEM / LRU,ESC,NON-CRITICAL,Permitted,ARK-4IN1-ESC; ModalAI VOXL 4IN1 ESC (MDK-M0138-11-00); Ewing EAESC55v1.0,NO,8901111130377,DCOV:OEM-B34748D2:VERTIQ,,Some ESCs (e.g. Vertiq USA) contain STM32-series microcontrollers of Chinese-origin manufacture. Chipset cannot Tx/Rx data and embedded code cannot be remotely altered.,,,,2026-08-03,2026-08-03,Procurement Cell,OEM landscape (DRONE AND LM PARTS),85
OEM-7CFA3208,ESC - Welkinrim Tech,Welkinrim Tech,,WELKINRIM TECH,India,India,NO,OEM / LRU,ESC,NON-CRITICAL,Permitted,ARK-4IN1-ESC; ModalAI VOXL 4IN1 ESC (MDK-M0138-11-00); Ewing EAESC55v1.0,NO,8909834114025,DCOV:OEM-7CFA3208:WELKINRIMTECH,,Some ESCs (e.g. Vertiq USA) contain STM32-series microcontrollers of Chinese-origin manufacture. Chipset cannot Tx/Rx data and embedded code cannot be remotely altered.,,,,2026-08-03,2026-08-03,Procurement Cell,OEM landscape (DRONE AND LM PARTS),85
OEM-3F2F38AB,Ethernet Switch - Botblox,Botblox,,BOTBLOX,UK,UK,NO,OEM / LRU,Ethernet Switch,CRITICAL,Chinese origin not acceptable in Tx/Rx chain,,YES,8908205041724,DCOV:OEM-3F2F38AB:BOTBLOX,,Controller ICs found to be Shenzhen-sourced.,,,,2026-08-03,2026-08-03,Procurement Cell,OEM landscape (DRONE AND LM PARTS),85
OEM-A73085CB,Ethernet Switch - D Link,D Link,,D LINK,Taiwan,Taiwan,NO,OEM / LRU,Ethernet Switch,CRITICAL,Chinese origin not acceptable in Tx/Rx chain,,YES,8903962929087,DCOV:OEM-A73085CB:DLINK,,Controller ICs found to be Shenzhen-sourced.,,,,2026-08-03,2026-08-03,Procurement Cell,OEM landscape (DRONE AND LM PARTS),85
OEM-B1109B5D,Ethernet Switch - Kapek,Kapek,,KAPEK,USA,USA,NO,OEM / LRU,Ethernet Switch,CRITICAL,Chinese origin not acceptable in Tx/Rx chain,,YES,8908793439156,DCOV:OEM-B1109B5D:KAPEK,,Controller ICs found to be Shenzhen-sourced.,,,,2026-08-03,2026-08-03,Procurement Cell,OEM landscape (DRONE AND LM PARTS),85
OEM-7FC3B28D,Flight Controller - 3DR,3DR,,3DR,USA,USA,NO,OEM / LRU,Flight Controller,CRITICAL,Chinese origin NOT acceptable,CubePilot Cube Blue H7 (HX4-06154); ARK Electronics ARKV6X; ModalAI VOXL 2 (M0054); Auterion Skynode X,YES,8902719773492,DCOV:OEM-7FC3B28D:3DR,,"Controls the air vehicle, flight path and Tx/Rx of data. Mostly CubePilot variants (Australia) with Taiwan-sourced parts; indigenous FCUs also available.",,,,2026-08-03,2026-08-03,Procurement Cell,OEM landscape (DRONE AND LM PARTS),85
OEM-0E66A144,Flight Controller - Agam Robotics,Agam Robotics,,AGAM ROBOTICS,India,India,NO,OEM / LRU,Flight Controller,CRITICAL,Chinese origin NOT acceptable,CubePilot Cube Blue H7 (HX4-06154); ARK Electronics ARKV6X; ModalAI VOXL 2 (M0054); Auterion Skynode X,YES,8900425399609,DCOV:OEM-0E66A144:AGAMROBOTICS,,"Controls the air vehicle, flight path and Tx/Rx of data. Mostly CubePilot variants (Australia) with Taiwan-sourced parts; indigenous FCUs also available.",,,,2026-08-03,2026-08-03,Procurement Cell,OEM landscape (DRONE AND LM PARTS),85
OEM-330BE44D,Flight Controller - Cube,Cube,,CUBE,Taiwan/Australia,Taiwan/Australia,NO,OEM / LRU,Flight Controller,CRITICAL,Chinese origin NOT acceptable,CubePilot Cube Blue H7 (HX4-06154); ARK Electronics ARKV6X; ModalAI VOXL 2 (M0054); Auterion Skynode X,YES,8900613793707,DCOV:OEM-330BE44D:CUBE,,"Controls the air vehicle, flight path and Tx/Rx of data. Mostly CubePilot variants (Australia) with Taiwan-sourced parts; indigenous FCUs also available.",,,,2026-08-03,2026-08-03,Procurement Cell,OEM landscape (DRONE AND LM PARTS),85
OEM-7392AD3E,Flight Controller - IO Tech,IO Tech,,IO TECH,India,India,NO,OEM / LRU,Flight Controller,CRITICAL,Chinese origin NOT acceptable,CubePilot Cube Blue H7 (HX4-06154); ARK Electronics ARKV6X; ModalAI VOXL 2 (M0054); Auterion Skynode X,YES,8905422947020,DCOV:OEM-7392AD3E:IOTECH,,"Controls the air vehicle, flight path and Tx/Rx of data. Mostly CubePilot variants (Australia) with Taiwan-sourced parts; indigenous FCUs also available.",,,,2026-08-03,2026-08-03,Procurement Cell,OEM landscape (DRONE AND LM PARTS),85
OEM-6C1B63AA,Flight Controller - Zero Drag,Zero Drag,,ZERO DRAG,India,India,NO,OEM / LRU,Flight Controller,CRITICAL,Chinese origin NOT acceptable,CubePilot Cube Blue H7 (HX4-06154); ARK Electronics ARKV6X; ModalAI VOXL 2 (M0054); Auterion Skynode X,YES,8904612687852,DCOV:OEM-6C1B63AA:ZERODRAG,,"Controls the air vehicle, flight path and Tx/Rx of data. Mostly CubePilot variants (Australia) with Taiwan-sourced parts; indigenous FCUs also available.",,,,2026-08-03,2026-08-03,Procurement Cell,OEM landscape (DRONE AND LM PARTS),85
OEM-A16A50CD,Flight Controller - mRO,mRO,,MRO,USA,USA,NO,OEM / LRU,Flight Controller,CRITICAL,Chinese origin NOT acceptable,CubePilot Cube Blue H7 (HX4-06154); ARK Electronics ARKV6X; ModalAI VOXL 2 (M0054); Auterion Skynode X,YES,8901786867356,DCOV:OEM-A16A50CD:MRO,,"Controls the air vehicle, flight path and Tx/Rx of data. Mostly CubePilot variants (Australia) with Taiwan-sourced parts; indigenous FCUs also available.",,,,2026-08-03,2026-08-03,Procurement Cell,OEM landscape (DRONE AND LM PARTS),85
OEM-50F16ACD,GNSS Receiver - Idea Forge,Idea Forge,,IDEA FORGE,India,India,NO,OEM / LRU,GNSS Receiver,CRITICAL,Chinese origin NOT acceptable,ARK TESEO GPS; Septentrio mosaic-X5; Locus Lock LEO100 GNSS-SDR; CubePilot Here 4,YES,8907036997941,DCOV:OEM-50F16ACD:IDEAFORGE,,STM32G4A1KEU6 class ICs found to be of Chinese origin.,,,,2026-08-03,2026-08-03,Procurement Cell,OEM landscape (DRONE AND LM PARTS),85
OEM-36B47EC8,GNSS Receiver - Inertial Labs Inc,Inertial Labs Inc,,INERTIAL LABS INC,USA,USA,NO,OEM / LRU,GNSS Receiver,CRITICAL,Chinese origin NOT acceptable,ARK TESEO GPS; Septentrio mosaic-X5; Locus Lock LEO100 GNSS-SDR; CubePilot Here 4,YES,8908041161556,DCOV:OEM-36B47EC8:INERTIALLABSINC,,STM32G4A1KEU6 class ICs found to be of Chinese origin.,,,,2026-08-03,2026-08-03,Procurement Cell,OEM landscape (DRONE AND LM PARTS),85
OEM-16CDD641,GNSS Receiver - Infidome / GPSDome,Infidome / GPSDome,,INFIDOME / GPSDOME,Israel,Israel,NO,OEM / LRU,GNSS Receiver,CRITICAL,Chinese origin NOT acceptable,ARK TESEO GPS; Septentrio mosaic-X5; Locus Lock LEO100 GNSS-SDR; CubePilot Here 4,YES,8901873840354,DCOV:OEM-16CDD641:INFIDOMEGPSDOME,,STM32G4A1KEU6 class ICs found to be of Chinese origin.,,,,2026-08-03,2026-08-03,Procurement Cell,OEM landscape (DRONE AND LM PARTS),85
OEM-73C54F8E,GNSS Receiver - Reliant Electronic Design,Reliant Electronic Design,,RELIANT ELECTRONIC DESIGN,India,India,NO,OEM / LRU,GNSS Receiver,CRITICAL,Chinese origin NOT acceptable,ARK TESEO GPS; Septentrio mosaic-X5; Locus Lock LEO100 GNSS-SDR; CubePilot Here 4,YES,8909559650686,DCOV:OEM-73C54F8E:RELIANTELECTRONICDESIGN,,STM32G4A1KEU6 class ICs found to be of Chinese origin.,,,,2026-08-03,2026-08-03,Procurement Cell,OEM landscape (DRONE AND LM PARTS),85
OEM-92052061,GNSS Receiver - Sierra Aerospace,Sierra Aerospace,,SIERRA AEROSPACE,India,India,NO,OEM / LRU,GNSS Receiver,CRITICAL,Chinese origin NOT acceptable,ARK TESEO GPS; Septentrio mosaic-X5; Locus Lock LEO100 GNSS-SDR; CubePilot Here 4,YES,8909700553859,DCOV:OEM-92052061:SIERRAAEROSPACE,,STM32G4A1KEU6 class ICs found to be of Chinese origin.,,,,2026-08-03,2026-08-03,Procurement Cell,OEM landscape (DRONE AND LM PARTS),85
OEM-2A2D47F3,GNSS Receiver - Signfic Sys,Signfic Sys,,SIGNFIC SYS,India,India,NO,OEM / LRU,GNSS Receiver,CRITICAL,Chinese origin NOT acceptable,ARK TESEO GPS; Septentrio mosaic-X5; Locus Lock LEO100 GNSS-SDR; CubePilot Here 4,YES,8907391843792,DCOV:OEM-2A2D47F3:SIGNFICSYS,,STM32G4A1KEU6 class ICs found to be of Chinese origin.,,,,2026-08-03,2026-08-03,Procurement Cell,OEM landscape (DRONE AND LM PARTS),85
OEM-91142033,GNSS Receiver - U Blox,U Blox,,U BLOX,Switzerland/Australia,Switzerland/Australia,NO,OEM / LRU,GNSS Receiver,CRITICAL,Chinese origin NOT acceptable,ARK TESEO GPS; Septentrio mosaic-X5; Locus Lock LEO100 GNSS-SDR; CubePilot Here 4,YES,8901237127831,DCOV:OEM-91142033:UBLOX,,STM32G4A1KEU6 class ICs found to be of Chinese origin.,,,,2026-08-03,2026-08-03,Procurement Cell,OEM landscape (DRONE AND LM PARTS),85
OEM-37EBA9E6,HHGCS - FoxTech,FoxTech,,FOXTECH,China,China,YES,OEM / LRU,GCS,CRITICAL,Chinese origin NOT acceptable. GETAC (Taiwan) and Panasonic (Japan) acceptable,Panasonic TOUGHBOOK G2 (FZ-G2); Freefly Pilot Pro 950-00136; ModalAI Zorro Blue,YES,8903142865068,DCOV:OEM-37EBA9E6:FOXTECH,,"Used for control, mission data upload and mission detail download.",,,,2026-08-03,2026-08-03,Procurement Cell,OEM landscape (DRONE AND LM PARTS),85
OEM-2BCAA0B1,HHGCS - Getac,Getac,,GETAC,Taiwan,Taiwan,NO,OEM / LRU,GCS,CRITICAL,Chinese origin NOT acceptable. GETAC (Taiwan) and Panasonic (Japan) acceptable,Panasonic TOUGHBOOK G2 (FZ-G2); Freefly Pilot Pro 950-00136; ModalAI Zorro Blue,YES,8905873450483,DCOV:OEM-2BCAA0B1:GETAC,,"Used for control, mission data upload and mission detail download.",,,,2026-08-03,2026-08-03,Procurement Cell,OEM landscape (DRONE AND LM PARTS),85
OEM-7EC16672,HHGCS - HP,HP,,HP,USA,USA,NO,OEM / LRU,GCS,CRITICAL,Chinese origin NOT acceptable. GETAC (Taiwan) and Panasonic (Japan) acceptable,Panasonic TOUGHBOOK G2 (FZ-G2); Freefly Pilot Pro 950-00136; ModalAI Zorro Blue,YES,8902633397903,DCOV:OEM-7EC16672:HP,,"Used for control, mission data upload and mission detail download.",,,,2026-08-03,2026-08-03,Procurement Cell,OEM landscape (DRONE AND LM PARTS),85
OEM-569575E2,HHGCS - Panasonic F2-G2,Panasonic F2-G2,,PANASONIC F2-G2,Japan,Japan,NO,OEM / LRU,GCS,CRITICAL,Chinese origin NOT acceptable. GETAC (Taiwan) and Panasonic (Japan) acceptable,Panasonic TOUGHBOOK G2 (FZ-G2); Freefly Pilot Pro 950-00136; ModalAI Zorro Blue,YES,8901314015570,DCOV:OEM-569575E2:PANASONICF2G2,,"Used for control, mission data upload and mission detail download.",,,,2026-08-03,2026-08-03,Procurement Cell,OEM landscape (DRONE AND LM PARTS),85
OEM-11576182,HHGCS Battery - Dazzle Robotics,Dazzle Robotics,,DAZZLE ROBOTICS,India,India,NO,OEM / LRU,GCS,CRITICAL,Chinese origin NOT acceptable. GETAC (Taiwan) and Panasonic (Japan) acceptable,Panasonic TOUGHBOOK G2 (FZ-G2); Freefly Pilot Pro 950-00136; ModalAI Zorro Blue,YES,8908148149204,DCOV:OEM-11576182:DAZZLEROBOTICS,,"Used for control, mission data upload and mission detail download.",,,,2026-08-03,2026-08-03,Procurement Cell,OEM landscape (DRONE AND LM PARTS),85
OEM-31200E03,HHGCS Battery - Idea Forge,Idea Forge,,IDEA FORGE,India,India,NO,OEM / LRU,GCS,CRITICAL,Chinese origin NOT acceptable. GETAC (Taiwan) and Panasonic (Japan) acceptable,Panasonic TOUGHBOOK G2 (FZ-G2); Freefly Pilot Pro 950-00136; ModalAI Zorro Blue,YES,8901197091760,DCOV:OEM-31200E03:IDEAFORGE,,"Used for control, mission data upload and mission detail download.",,,,2026-08-03,2026-08-03,Procurement Cell,OEM landscape (DRONE AND LM PARTS),85
OEM-BD9B7E37,HHGCS Battery - Moticel,Moticel,,MOTICEL,Taiwan,Taiwan,NO,OEM / LRU,GCS,CRITICAL,Chinese origin NOT acceptable. GETAC (Taiwan) and Panasonic (Japan) acceptable,Panasonic TOUGHBOOK G2 (FZ-G2); Freefly Pilot Pro 950-00136; ModalAI Zorro Blue,YES,8900680722990,DCOV:OEM-BD9B7E37:MOTICEL,,"Used for control, mission data upload and mission detail download.",,,,2026-08-03,2026-08-03,Procurement Cell,OEM landscape (DRONE AND LM PARTS),85
OEM-6CE9B304,HHGCS Battery - Panasonic,Panasonic,,PANASONIC,Japan,Japan,NO,OEM / LRU,GCS,CRITICAL,Chinese origin NOT acceptable. GETAC (Taiwan) and Panasonic (Japan) acceptable,Panasonic TOUGHBOOK G2 (FZ-G2); Freefly Pilot Pro 950-00136; ModalAI Zorro Blue,YES,8900825907008,DCOV:OEM-6CE9B304:PANASONIC,,"Used for control, mission data upload and mission detail download.",,,,2026-08-03,2026-08-03,Procurement Cell,OEM landscape (DRONE AND LM PARTS),85
OEM-6D8B145A,HHGCS Battery - X Power Plus,X Power Plus,,X POWER PLUS,India,India,NO,OEM / LRU,GCS,CRITICAL,Chinese origin NOT acceptable. GETAC (Taiwan) and Panasonic (Japan) acceptable,Panasonic TOUGHBOOK G2 (FZ-G2); Freefly Pilot Pro 950-00136; ModalAI Zorro Blue,YES,8905796752831,DCOV:OEM-6D8B145A:XPOWERPLUS,,"Used for control, mission data upload and mission detail download.",,,,2026-08-03,2026-08-03,Procurement Cell,OEM landscape (DRONE AND LM PARTS),85
OEM-7D2D5CF1,IMU - IO Tech,IO Tech,,IO TECH,India,India,NO,OEM / LRU,Sensors,REVIEW,Not classified in policy matrix - refer to inspecting authority,,NO,8900979423164,DCOV:OEM-7D2D5CF1:IOTECH,,,,,,2026-08-03,2026-08-03,Procurement Cell,OEM landscape (DRONE AND LM PARTS),85
OEM-E88D73B1,IMU - Inertial Labs Inc,Inertial Labs Inc,,INERTIAL LABS INC,USA,USA,NO,OEM / LRU,Sensors,REVIEW,Not classified in policy matrix - refer to inspecting authority,,NO,8908092082572,DCOV:OEM-E88D73B1:INERTIALLABSINC,,,,,,2026-08-03,2026-08-03,Procurement Cell,OEM landscape (DRONE AND LM PARTS),85
OEM-E15B2E49,IMU - Zreyah,Zreyah,,ZREYAH,India,India,NO,OEM / LRU,Sensors,REVIEW,Not classified in policy matrix - refer to inspecting authority,,NO,8903993823811,DCOV:OEM-E15B2E49:ZREYAH,,,,,,2026-08-03,2026-08-03,Procurement Cell,OEM landscape (DRONE AND LM PARTS),85
OEM-BA1AE27F,Joystick Controller - Ant Plus,Ant Plus,,ANT PLUS,India,India,NO,OEM / LRU,Joystick Controller,NON-CRITICAL,Permitted,,NO,8907510319023,DCOV:OEM-BA1AE27F:ANTPLUS,,No capability to Tx/Rx data.,,,,2026-08-03,2026-08-03,Procurement Cell,OEM landscape (DRONE AND LM PARTS),85
OEM-9F426988,Joystick Controller - Logitech,Logitech,,LOGITECH,Switzerland,Switzerland,NO,OEM / LRU,Joystick Controller,NON-CRITICAL,Permitted,,NO,8908227251996,DCOV:OEM-9F426988:LOGITECH,,No capability to Tx/Rx data.,,,,2026-08-03,2026-08-03,Procurement Cell,OEM landscape (DRONE AND LM PARTS),85
OEM-B0BCDC74,Joystick Controller - New Global Comn,New Global Comn,,NEW GLOBAL COMN,India,India,NO,OEM / LRU,Joystick Controller,NON-CRITICAL,Permitted,,NO,8904390739897,DCOV:OEM-B0BCDC74:NEWGLOBALCOMN,,No capability to Tx/Rx data.,,,,2026-08-03,2026-08-03,Procurement Cell,OEM landscape (DRONE AND LM PARTS),85
OEM-4B18621D,Joystick Controller - Nintendo Switch,Nintendo Switch,,NINTENDO SWITCH,Japan,Japan,NO,OEM / LRU,Joystick Controller,NON-CRITICAL,Permitted,,NO,8900960538747,DCOV:OEM-4B18621D:NINTENDOSWITCH,,No capability to Tx/Rx data.,,,,2026-08-03,2026-08-03,Procurement Cell,OEM landscape (DRONE AND LM PARTS),85
OEM-4EEF2E89,Joystick Controller - Sony,Sony,,SONY,China,China,YES,OEM / LRU,Joystick Controller,NON-CRITICAL,Permitted,,NO,8908266057344,DCOV:OEM-4EEF2E89:SONY,,No capability to Tx/Rx data.,,,,2026-08-03,2026-08-03,Procurement Cell,OEM landscape (DRONE AND LM PARTS),85
OEM-579BAD75,Joystick Controller - Vijay Fastners,Vijay Fastners,,VIJAY FASTNERS,India,India,NO,OEM / LRU,Joystick Controller,NON-CRITICAL,Permitted,,NO,8906851933028,DCOV:OEM-579BAD75:VIJAYFASTNERS,,No capability to Tx/Rx data.,,,,2026-08-03,2026-08-03,Procurement Cell,OEM landscape (DRONE AND LM PARTS),85
OEM-123ED189,Motor - E Propelled,E Propelled,,E PROPELLED,USA,USA,NO,OEM / LRU,Motor,NON-CRITICAL,Permitted,,NO,8902175765451,DCOV:OEM-123ED189:EPROPELLED,,"BLDC motors; some Indian manufacture, some Chinese origin.",,,,2026-08-03,2026-08-03,Procurement Cell,OEM landscape (DRONE AND LM PARTS),85
OEM-31681A56,Motor - IO Tech,IO Tech,,IO TECH,India,India,NO,OEM / LRU,Motor,NON-CRITICAL,Permitted,,NO,8908367193620,DCOV:OEM-31681A56:IOTECH,,"BLDC motors; some Indian manufacture, some Chinese origin.",,,,2026-08-03,2026-08-03,Procurement Cell,OEM landscape (DRONE AND LM PARTS),85
OEM-30DD9352,Motor - Iqnetics,Iqnetics,,IQNETICS,USA,USA,NO,OEM / LRU,Motor,NON-CRITICAL,Permitted,,NO,8901068585145,DCOV:OEM-30DD9352:IQNETICS,,"BLDC motors; some Indian manufacture, some Chinese origin.",,,,2026-08-03,2026-08-03,Procurement Cell,OEM landscape (DRONE AND LM PARTS),85
OEM-EC018209,Motor - Motion Drive,Motion Drive,,MOTION DRIVE,India,India,NO,OEM / LRU,Motor,NON-CRITICAL,Permitted,,NO,8904733805081,DCOV:OEM-EC018209:MOTIONDRIVE,,"BLDC motors; some Indian manufacture, some Chinese origin.",,,,2026-08-03,2026-08-03,Procurement Cell,OEM landscape (DRONE AND LM PARTS),85
OEM-E04957BF,Motor - Scorpian Sys,Scorpian Sys,,SCORPIAN SYS,Taiwan,Taiwan,NO,OEM / LRU,Motor,NON-CRITICAL,Permitted,,NO,8901344610455,DCOV:OEM-E04957BF:SCORPIANSYS,,"BLDC motors; some Indian manufacture, some Chinese origin.",,,,2026-08-03,2026-08-03,Procurement Cell,OEM landscape (DRONE AND LM PARTS),85
OEM-7DB493E7,Motor - Sun Mint Elect LLP,Sun Mint Elect LLP,,SUN MINT ELECT LLP,India,India,NO,OEM / LRU,Motor,NON-CRITICAL,Permitted,,NO,8909143093011,DCOV:OEM-7DB493E7:SUNMINTELECTLLP,,"BLDC motors; some Indian manufacture, some Chinese origin.",,,,2026-08-03,2026-08-03,Procurement Cell,OEM landscape (DRONE AND LM PARTS),85
OEM-E3F09BD7,Motor - Vertiq,Vertiq,,VERTIQ,USA,USA,NO,OEM / LRU,Motor,NON-CRITICAL,Permitted,,NO,8906936998003,DCOV:OEM-E3F09BD7:VERTIQ,,"BLDC motors; some Indian manufacture, some Chinese origin.",,,,2026-08-03,2026-08-03,Procurement Cell,OEM landscape (DRONE AND LM PARTS),85
OEM-EC657937,Motor - Welkinrim Tech,Welkinrim Tech,,WELKINRIM TECH,India,India,NO,OEM / LRU,Motor,NON-CRITICAL,Permitted,,NO,8904119101349,DCOV:OEM-EC657937:WELKINRIMTECH,,"BLDC motors; some Indian manufacture, some Chinese origin.",,,,2026-08-03,2026-08-03,Procurement Cell,OEM landscape (DRONE AND LM PARTS),85
OEM-7F0C4AF3,On Board Computer - Idea Forge,Idea Forge,,IDEA FORGE,India,India,NO,OEM / LRU,On Board Computer,CRITICAL,Chinese origin NOT acceptable,NVIDIA Jetson Orin NX (900-13767-0000-0A0); Raspberry Pi 5 (RPI5-8GB-SINGLE); NextVision TRIP6,YES,8907744265103,DCOV:OEM-7F0C4AF3:IDEAFORGE,,"Mostly NVIDIA Jetson variants of US origin, but WiFi module and DRAM/storage often of Chinese origin.",,,,2026-08-03,2026-08-03,Procurement Cell,OEM landscape (DRONE AND LM PARTS),85
OEM-DCD74F59,"On Board Computer - NVIDIA Jetson (Orin, Nano)","NVIDIA Jetson (Orin, Nano)",,NVIDIA JETSON (ORIN NANO),USA/Taiwan,USA/Taiwan,NO,OEM / LRU,On Board Computer,CRITICAL,Chinese origin NOT acceptable,NVIDIA Jetson Orin NX (900-13767-0000-0A0); Raspberry Pi 5 (RPI5-8GB-SINGLE); NextVision TRIP6,YES,8900182782065,DCOV:OEM-DCD74F59:NVIDIAJETSONORINNANO,,"Mostly NVIDIA Jetson variants of US origin, but WiFi module and DRAM/storage often of Chinese origin.",,,,2026-08-03,2026-08-03,Procurement Cell,OEM landscape (DRONE AND LM PARTS),85
OEM-1207D0A9,On Board Computer - RP Tech,RP Tech,,RP TECH,India,India,NO,OEM / LRU,On Board Computer,CRITICAL,Chinese origin NOT acceptable,NVIDIA Jetson Orin NX (900-13767-0000-0A0); Raspberry Pi 5 (RPI5-8GB-SINGLE); NextVision TRIP6,YES,8907084003854,DCOV:OEM-1207D0A9:RPTECH,,"Mostly NVIDIA Jetson variants of US origin, but WiFi module and DRAM/storage often of Chinese origin.",,,,2026-08-03,2026-08-03,Procurement Cell,OEM landscape (DRONE AND LM PARTS),85
OEM-9E8D1AB2,On Board Computer - Real Tech,Real Tech,,REAL TECH,India,India,NO,OEM / LRU,On Board Computer,CRITICAL,Chinese origin NOT acceptable,NVIDIA Jetson Orin NX (900-13767-0000-0A0); Raspberry Pi 5 (RPI5-8GB-SINGLE); NextVision TRIP6,YES,8902603233095,DCOV:OEM-9E8D1AB2:REALTECH,,"Mostly NVIDIA Jetson variants of US origin, but WiFi module and DRAM/storage often of Chinese origin.",,,,2026-08-03,2026-08-03,Procurement Cell,OEM landscape (DRONE AND LM PARTS),85
OEM-F581EE52,On Board Computer - Rpi 4 Model B,Rpi 4 Model B,,RPI 4 MODEL B,UK,UK,NO,OEM / LRU,On Board Computer,CRITICAL,Chinese origin NOT acceptable,NVIDIA Jetson Orin NX (900-13767-0000-0A0); Raspberry Pi 5 (RPI5-8GB-SINGLE); NextVision TRIP6,YES,8903553990120,DCOV:OEM-F581EE52:RPI4MODELB,,"Mostly NVIDIA Jetson variants of US origin, but WiFi module and DRAM/storage often of Chinese origin.",,,,2026-08-03,2026-08-03,Procurement Cell,OEM landscape (DRONE AND LM PARTS),85
OEM-1E9D6046,Power Distribution Board - Hargraves,Hargraves,,HARGRAVES,Australia,Australia,NO,OEM / LRU,Power Distribution Board,NON-CRITICAL,Permitted,,NO,8903003138096,DCOV:OEM-1E9D6046:HARGRAVES,,DC-DC converters found to contain Chinese components.,,,,2026-08-03,2026-08-03,Procurement Cell,OEM landscape (DRONE AND LM PARTS),85
OEM-D10A179D,Power Distribution Board - IO Tech,IO Tech,,IO TECH,India,India,NO,OEM / LRU,Power Distribution Board,NON-CRITICAL,Permitted,,NO,8906320624563,DCOV:OEM-D10A179D:IOTECH,,DC-DC converters found to contain Chinese components.,,,,2026-08-03,2026-08-03,Procurement Cell,OEM landscape (DRONE AND LM PARTS),85
OEM-516621AB,Power Distribution Board - Idea Forge,Idea Forge,,IDEA FORGE,India,India,NO,OEM / LRU,Power Distribution Board,NON-CRITICAL,Permitted,,NO,8900723351477,DCOV:OEM-516621AB:IDEAFORGE,,DC-DC converters found to contain Chinese components.,,,,2026-08-03,2026-08-03,Procurement Cell,OEM landscape (DRONE AND LM PARTS),85
OEM-DC9A8E05,Power Distribution Board - Oppila Microsys,Oppila Microsys,,OPPILA MICROSYS,India,India,NO,OEM / LRU,Power Distribution Board,NON-CRITICAL,Permitted,,NO,8907827647161,DCOV:OEM-DC9A8E05:OPPILAMICROSYS,,DC-DC converters found to contain Chinese components.,,,,2026-08-03,2026-08-03,Procurement Cell,OEM landscape (DRONE AND LM PARTS),85
OEM-78F2AC7D,Power Distribution Board - Optiemus Unmanned Sys,Optiemus Unmanned Sys,,OPTIEMUS UNMANNED SYS,India,India,NO,OEM / LRU,Power Distribution Board,NON-CRITICAL,Permitted,,NO,8905590143033,DCOV:OEM-78F2AC7D:OPTIEMUSUNMANNEDSYS,,DC-DC converters found to contain Chinese components.,,,,2026-08-03,2026-08-03,Procurement Cell,OEM landscape (DRONE AND LM PARTS),85
OEM-388197FF,Power Distribution Board - Reflex Drive,Reflex Drive,,REFLEX DRIVE,India,India,NO,OEM / LRU,Power Distribution Board,NON-CRITICAL,Permitted,,NO,8906948584508,DCOV:OEM-388197FF:REFLEXDRIVE,,DC-DC converters found to contain Chinese components.,,,,2026-08-03,2026-08-03,Procurement Cell,OEM landscape (DRONE AND LM PARTS),85
OEM-C84FB2B2,Propeller - Nautical Wg,Nautical Wg,,NAUTICAL WG,India,India,NO,OEM / LRU,Propeller,NON-CRITICAL,Permitted,,NO,8907445495403,DCOV:OEM-C84FB2B2:NAUTICALWG,,3D printed in India/China.,,,,2026-08-03,2026-08-03,Procurement Cell,OEM landscape (DRONE AND LM PARTS),85
OEM-437E153F,Propeller - SR Aero Space,SR Aero Space,,SR AERO SPACE,India,India,NO,OEM / LRU,Propeller,NON-CRITICAL,Permitted,,NO,8904719065577,DCOV:OEM-437E153F:SRAEROSPACE,,3D printed in India/China.,,,,2026-08-03,2026-08-03,Procurement Cell,OEM landscape (DRONE AND LM PARTS),85
OEM-751E4B4C,Propeller - Venus Injectoplast,Venus Injectoplast,,VENUS INJECTOPLAST,India,India,NO,OEM / LRU,Propeller,NON-CRITICAL,Permitted,,NO,8908065767789,DCOV:OEM-751E4B4C:VENUSINJECTOPLAST,,3D printed in India/China.,,,,2026-08-03,2026-08-03,Procurement Cell,OEM landscape (DRONE AND LM PARTS),85
OEM-58411F35,Propeller - Zenmtech,Zenmtech,,ZENMTECH,Singapore,Singapore,NO,OEM / LRU,Propeller,NON-CRITICAL,Permitted,,NO,8906826307915,DCOV:OEM-58411F35:ZENMTECH,,3D printed in India/China.,,,,2026-08-03,2026-08-03,Procurement Cell,OEM landscape (DRONE AND LM PARTS),85
OEM-B61BEBF3,Radio Module - 8 devices,8 devices,,8 DEVICES,EU,EU,NO,OEM / LRU,Radio Modem,CRITICAL,Chinese origin not acceptable except passive components not in the Tx/Rx chain,Doodle Labs RM-2450-2J-XMC; Silvus SC4200P; Microhard pMDDL2450; RFDesign MODEM-RFD900x,YES,8909139122961,DCOV:OEM-B61BEBF3:8DEVICES,,A/D converters and passive ICs in GDT/radio modems found to be of Chinese origin.,,,,2026-08-03,2026-08-03,Procurement Cell,OEM landscape (DRONE AND LM PARTS),85
OEM-914186A5,Radio Module - Doodle Labs,Doodle Labs,,DOODLE LABS,Singapore,Singapore,NO,OEM / LRU,Radio Modem,CRITICAL,Chinese origin not acceptable except passive components not in the Tx/Rx chain,Doodle Labs RM-2450-2J-XMC; Silvus SC4200P; Microhard pMDDL2450; RFDesign MODEM-RFD900x,YES,8902147242225,DCOV:OEM-914186A5:DOODLELABS,,A/D converters and passive ICs in GDT/radio modems found to be of Chinese origin.,,,,2026-08-03,2026-08-03,Procurement Cell,OEM landscape (DRONE AND LM PARTS),85
OEM-0BB92E97,Radio Module - Exicom Technologies,Exicom Technologies,,EXICOM TECHNOLOGIES,India,India,NO,OEM / LRU,Radio Modem,CRITICAL,Chinese origin not acceptable except passive components not in the Tx/Rx chain,Doodle Labs RM-2450-2J-XMC; Silvus SC4200P; Microhard pMDDL2450; RFDesign MODEM-RFD900x,YES,8903249668197,DCOV:OEM-0BB92E97:EXICOMTECHNOLOGIES,,A/D converters and passive ICs in GDT/radio modems found to be of Chinese origin.,,,,2026-08-03,2026-08-03,Procurement Cell,OEM landscape (DRONE AND LM PARTS),85
OEM-FCE553AA,Radio Module - Idea Forge,Idea Forge,,IDEA FORGE,India,India,NO,OEM / LRU,Radio Modem,CRITICAL,Chinese origin not acceptable except passive components not in the Tx/Rx chain,Doodle Labs RM-2450-2J-XMC; Silvus SC4200P; Microhard pMDDL2450; RFDesign MODEM-RFD900x,YES,8904690470513,DCOV:OEM-FCE553AA:IDEAFORGE,,A/D converters and passive ICs in GDT/radio modems found to be of Chinese origin.,,,,2026-08-03,2026-08-03,Procurement Cell,OEM landscape (DRONE AND LM PARTS),85
OEM-650590EC,Radio Module - Kalpintech,Kalpintech,,KALPINTECH,India,India,NO,OEM / LRU,Radio Modem,CRITICAL,Chinese origin not acceptable except passive components not in the Tx/Rx chain,Doodle Labs RM-2450-2J-XMC; Silvus SC4200P; Microhard pMDDL2450; RFDesign MODEM-RFD900x,YES,8901467439889,DCOV:OEM-650590EC:KALPINTECH,,A/D converters and passive ICs in GDT/radio modems found to be of Chinese origin.,,,,2026-08-03,2026-08-03,Procurement Cell,OEM landscape (DRONE AND LM PARTS),85
OEM-44600508,Radio Module - RF Design,RF Design,,RF DESIGN,Australia,Australia,NO,OEM / LRU,Radio Modem,CRITICAL,Chinese origin not acceptable except passive components not in the Tx/Rx chain,Doodle Labs RM-2450-2J-XMC; Silvus SC4200P; Microhard pMDDL2450; RFDesign MODEM-RFD900x,YES,8901501496175,DCOV:OEM-44600508:RFDESIGN,,A/D converters and passive ICs in GDT/radio modems found to be of Chinese origin.,,,,2026-08-03,2026-08-03,Procurement Cell,OEM landscape (DRONE AND LM PARTS),85
OEM-4A04A616,Radio Module - Taysink Tech Inc,Taysink Tech Inc,,TAYSINK TECH INC,USA,USA,NO,OEM / LRU,Radio Modem,CRITICAL,Chinese origin not acceptable except passive components not in the Tx/Rx chain,Doodle Labs RM-2450-2J-XMC; Silvus SC4200P; Microhard pMDDL2450; RFDesign MODEM-RFD900x,YES,8906995585251,DCOV:OEM-4A04A616:TAYSINKTECHINC,,A/D converters and passive ICs in GDT/radio modems found to be of Chinese origin.,,,,2026-08-03,2026-08-03,Procurement Cell,OEM landscape (DRONE AND LM PARTS),85
OEM-35CE9CE5,Voltage Regulator - Castle Creation,Castle Creation,,CASTLE CREATION,USA,USA,NO,OEM / LRU,Power Distribution Board,NON-CRITICAL,Permitted,,NO,8905623542918,DCOV:OEM-35CE9CE5:CASTLECREATION,,DC-DC converters found to contain Chinese components.,,,,2026-08-03,2026-08-03,Procurement Cell,OEM landscape (DRONE AND LM PARTS),85
OEM-D40B0ACE,Voltage Regulator - Idea Forge,Idea Forge,,IDEA FORGE,India,India,NO,OEM / LRU,Power Distribution Board,NON-CRITICAL,Permitted,,NO,8909814228094,DCOV:OEM-D40B0ACE:IDEAFORGE,,DC-DC converters found to contain Chinese components.,,,,2026-08-03,2026-08-03,Procurement Cell,OEM landscape (DRONE AND LM PARTS),85
OEM-5010504F,Voltage Regulator - Vyom Drones,Vyom Drones,,VYOM DRONES,India,India,NO,OEM / LRU,Power Distribution Board,NON-CRITICAL,Permitted,,NO,8905910989433,DCOV:OEM-5010504F:VYOMDRONES,,DC-DC converters found to contain Chinese components.,,,,2026-08-03,2026-08-03,Procurement Cell,OEM landscape (DRONE AND LM PARTS),85
